team-id,team,player-id,Player,Goals,Assists,Yel,Red,SpG,PS%,AerialsWon,MotM,rating,Tackles,Inter,Fouls,Offsides,Clear,Drb,Blocks,OwnG,KeyP,Drb,Fouled,Off,Disp,UnsTch,AvgP,PS%,Crosses,LongB,ThrB
15,Chelsea,33404,Eden-Hazard,16,5,3,0,2.1,84.2,0.6,13,7.81,0.5,0.8,0.5,0,0.1,0.4,0,0,2.4,4,2.8,0.2,1.7,2,48.6,84.2,0.5,3.2,0.1
15,Chelsea,84008,Marcos-Alonso,6,3,2,0,1.5,77.8,2.4,1,7.41,1.9,1.5,0.8,0.1,2.5,0.8,0.2,0,0.8,0.7,0.6,0.1,1,1.2,40.3,77.8,0.5,1.7,0.1
15,Chelsea,24248,Diego-Costa,20,7,10,0,3.2,75.2,1.3,5,7.41,0.5,0.2,1.2,0,1.1,0.5,0.1,0,1.2,1.6,2.6,0.7,3.4,3.1,29.5,75.2,0,0.8,0.2
15,Chelsea,114075,N-Golo-Kanté,1,1,9,0,0.8,88.8,0.5,1,7.23,3.6,2.4,1.5,0.1,1.2,1.3,0.1,0,0.6,1,0.4,0,0.8,1.3,60.6,88.8,0,3.9,0.1
15,Chelsea,33064,Victor-Moses,3,2,4,0,1.3,79.2,1,0,7.22,1.4,1.2,0.8,0.1,1.4,0.6,0.2,0,0.8,1.6,0.9,0.1,0.9,0.5,29.7,79.2,0.5,0.9,0
15,Chelsea,25931,César-Azpilicueta,1,4,4,0,0.5,87.3,2.1,4,7.21,2.2,1.9,0.7,0.4,3.1,0.9,0.2,0,0.6,0.3,0.6,0.1,0.2,0.3,64.7,87.3,0.2,3,0.1
15,Chelsea,27586,David-Luiz,1,0,6,0,0.9,83.6,1.8,1,7.16,1.3,1.9,0.9,0.5,5.2,0.4,0.4,0,0.3,0.4,0.9,0.1,0.2,0.5,47.6,83.6,0.1,4.8,0.1
15,Chelsea,44055,Pedro,9,9,6,0,1.7,82.7,0.2,0,7.13,1.4,0.6,0.9,0,0.3,0.9,0,0,1.2,1.6,1.1,0.2,1.2,1.4,27,82.7,0.3,0.9,0.1
15,Chelsea,11981,Gary-Cahill,6,0,5,0,0.6,88.4,2.5,1,7.06,1.4,1.2,0.9,0.6,4.5,0.2,0.5,1,0.1,0.1,0.6,0.1,0.2,0.5,50,88.4,0,3,0
15,Chelsea,8040,Cesc-Fàbregas,5,12,8,0,0.9,84.5,0.3,3,7.05,1,0.6,0.8,0,0.6,0.8,0.1,0,2.1,0.4,0.6,0,0.3,0.3,45.7,84.5,0.7,3.3,0.2
15,Chelsea,38128,Nemanja-Matic,1,7,4,0,0.6,87.7,1.1,1,7.01,1.5,1.4,0.9,0.1,1.3,0.8,0.3,0,0.7,0.8,0.7,0,1,0.9,53.3,87.7,0,4,0.1
15,Chelsea,29463,Willian,8,2,3,0,1.3,83.5,0,2,6.89,0.6,0.2,0.4,0,0.1,0.3,0,0,1.5,1.5,0.7,0.1,1,0.9,22.8,83.5,1,0.9,0.1
15,Chelsea,73798,Thibaut-Courtois,0,0,1,0,0,66.2,0.2,0,6.74,0,0,0,0,0.6,0,0,0,0,0,0.1,0,0,0,22,66.2,0,4.8,0
15,Chelsea,41065,Oscar,0,1,1,0,1.3,84.1,0.3,0,6.65,2.4,0.6,0.6,0,0.7,1.6,0.1,0,1.7,0.1,0.6,0,0.7,0.9,27.3,84.1,0.4,2.7,0.1
15,Chelsea,122945,Nathan-Aké,0,1,1,0,0.5,93.2,1,0,6.65,2,1,0.5,0,1.5,1,0,0,0.5,0,0,0,0,0.5,29.5,93.2,0,1,0
15,Chelsea,15338,Branislav-Ivanovic,0,0,2,0,0.5,82.7,1.5,0,6.55,0.9,0.8,0.6,0.1,1.8,0.2,0.2,0,0.2,0.5,0.6,0.2,0.1,0.6,25.4,82.7,0.2,2.1,0
15,Chelsea,132838,Kenedy,0,0,0,0,3,59.1,0,0,6.40,3,2,1,1,0,1,0,0,1,0,1,0,2,1,22,59.1,0,1,0
15,Chelsea,70,John-Terry,1,0,1,0,0.9,92.2,1.6,0,6.35,0.3,0.4,0.6,0.1,2.3,0.2,0.2,0,0.2,0,0.3,0,0.2,0.1,35.6,92.2,0,1.1,0
15,Chelsea,97803,Michy-Batshuayi,5,1,0,0,0.9,83.8,0.2,0,6.34,0.1,0.1,0.5,0,0.1,0.1,0,0,0.1,0.2,0.2,0.2,0.5,0.7,4,83.8,0,0.3,0
15,Chelsea,92729,Nathaniel-Chalobah,0,1,2,0,0.1,82.5,0.4,0,6.28,0.5,0.2,0.2,0,0.4,0.6,0,0,0.4,0.1,0.1,0,0.2,0.3,10.3,82.5,0,0.7,0.1
15,Chelsea,106086,Kurt-Zouma,0,1,0,0,0.1,80.5,0.6,0,6.23,0.9,0.6,0.2,0.1,1.2,0,0.1,0,0.1,0.6,0.2,0,0.1,0.2,14.2,80.5,0,0.9,0
15,Chelsea,315543,Ola-Aina,0,0,0,0,0.3,87.5,0,0,6.12,0,0,0,0,0.3,0,0,0,0,0,0.3,0,0,1,5.3,87.5,0,0,0
15,Chelsea,255777,Ruben-Loftus-Cheek,0,0,0,0,0.2,84,0.2,0,6.09,0.2,0,0.3,0,0.2,0.2,0,0,0,0.2,0,0,0.3,0.5,4.2,84,0,0,0
15,Chelsea,23122,Asmir-Begovic,0,0,0,0,0,76.1,0,0,5.67,0,0,0,0,0.5,0,0,0,0,0,0,0,0,0,23,76.1,0,4.5,0
30,Tottenham,83532,Harry-Kane,29,7,3,0,3.7,71.7,1.5,7,7.68,0.7,0.1,0.8,0,0.7,0.3,0,0,1.4,1.3,1.5,0.6,1.6,2.8,19.9,71.7,0.2,0.6,0
30,Tottenham,69344,Christian-Eriksen,8,15,0,0,3.7,80.2,0.6,7,7.53,1.3,0.6,0.6,0,0.6,1.3,0,0,3.1,0.8,0.7,0.1,1.4,1.5,54.9,80.2,1.5,3,0.2
30,Tottenham,24711,Danny-Rose,2,2,8,0,1.3,77.3,1.5,1,7.42,2.8,1.2,1.4,0.2,2.9,1.2,0.2,0,1.4,1.4,2.7,0.1,1.1,1.5,43.5,77.3,0.8,3.2,0
30,Tottenham,131519,Dele-Alli,18,7,4,0,2.5,80.7,0.4,2,7.35,1.4,0.3,1.4,0.1,0.5,1.2,0,0,1.4,1.4,2.1,0.3,2.1,2.2,35.9,80.7,0,1.6,0.1
30,Tottenham,21778,Jan-Vertonghen,0,0,5,0,0.4,85.3,3.2,1,7.28,1.3,1.3,0.6,0.7,7,0.3,0.6,0,0.2,0.8,0.6,0,0.3,0.4,62.2,85.3,0,5.1,0
30,Tottenham,71714,Victor-Wanyama,4,1,10,0,1.1,87.5,1.7,2,7.21,2.5,1.1,1.8,0,1.9,1.1,0.3,0,0.9,1.4,1,0,0.9,0.9,54.8,87.5,0.1,3.3,0
30,Tottenham,69778,Kyle-Walker,0,5,8,0,0.6,79.8,1.8,2,7.20,2.2,1.2,1.1,0.5,2.8,0.5,0.2,0,1.2,1.1,1,0.1,0.8,0.8,44.4,79.8,0.4,3.4,0
30,Tottenham,12187,Mousa-Dembélé,1,1,5,0,0.5,92,0.8,2,7.18,2.1,0.8,1.5,0,0.7,0.7,0.2,0,0.8,2.6,0.7,0,1.7,0.7,49.3,92,0.1,1.9,0.1
30,Tottenham,91909,Son-Heung-Min,14,6,2,0,2.4,81.2,0.3,3,7.14,0.6,0.2,0.3,0,0.2,0.6,0,0,1.3,1.4,0.9,0.6,1.8,1.6,22.8,81.2,0.4,0.6,0
30,Tottenham,103837,Ben-Davies,1,3,1,0,0.6,79.3,2.1,0,7.12,1.7,0.5,0.6,0.3,3.4,0.6,0.3,0,1.3,0.3,1.1,0.1,0.4,0.4,45.7,79.3,0.8,2,0
30,Tottenham,69933,Toby-Alderweireld,1,0,1,0,0.9,83.2,1.4,1,7.00,1.4,0.9,0.3,0.9,5.4,0.5,0.7,0,0.2,0.1,0.2,0,0,0.2,50.7,83.2,0,7.1,0
30,Tottenham,75830,Erik-Lamela,1,1,1,0,2,80,0.3,0,6.99,1.4,0.6,1.4,0,0.1,1.4,0,0,2,1.7,1.2,0.1,2.3,1.4,33.9,80,1.1,1.2,0
30,Tottenham,117973,Eric-Dier,2,0,6,0,0.6,86.7,2,1,6.93,1.3,1,0.7,0.5,4.1,0.5,0.5,0,0.4,0.1,0.5,0.1,0.4,0.3,55,86.7,0.1,5.2,0
30,Tottenham,83078,Kieran-Trippier,0,5,1,0,0.3,76.3,0.3,0,6.86,1.4,0.6,0.7,0.4,1.1,0.5,0.3,0,1.2,0,0.4,0.1,0.3,0.2,28.8,76.3,0.6,1,0
30,Tottenham,25604,Hugo-Lloris,0,0,0,0,0,72.3,0.2,1,6.77,0,0,0,0,0.9,0,0,0,0.1,0,0.1,0,0,0,31.2,72.3,0,7.1,0
30,Tottenham,320639,Filip-Lesniak,0,1,0,0,0,100,0,0,6.57,1,0,1,0,0,0,0,0,1,0,0,0,0,0,6,100,0,0,0
30,Tottenham,19270,Michel-Vorm,0,0,0,0,0,75.4,0,0,6.52,0.2,0,0,0,0.4,0,0,0,0,0,0.2,0,0,0,26.8,75.4,0,7,0
30,Tottenham,29595,Moussa-Sissoko,0,2,3,0,0.7,81.9,0.5,0,6.46,0.6,0.3,0.8,0,0.4,0.2,0,0,0.8,0.8,0.4,0.1,0.5,0.8,18.1,81.9,0.1,0.4,0
30,Tottenham,143990,Harry-Winks,1,1,1,0,0.3,90.2,0,0,6.36,0.5,0.2,0.5,0,0.3,0.4,0.1,0,0.4,0.5,0.5,0,0.2,0,17.4,90.2,0,1.2,0
30,Tottenham,133381,Vincent-Janssen,2,2,0,0,1.1,79.6,0.1,0,6.34,0.6,0.1,1.1,0,0.1,0.1,0,0,0.6,0.2,0.9,0.3,1.1,1,8.3,79.6,0,0.2,0
30,Tottenham,101550,Kevin-Wimmer,0,0,3,0,0,81.8,1.6,0,6.19,0.6,0.8,0.8,1,2.6,0,0.2,1,0.2,0.2,0.2,0,0.2,0,45,81.8,0,2.6,0
30,Tottenham,134887,Georges-Kévin-Nkoudou,0,0,0,0,0.3,80,0,0,6.16,0,0,0.3,0,0.4,0,0,0,0,0.9,0.4,0,0.4,0.1,3.8,80,0.1,0.1,0
30,Tottenham,136455,Josh-Onomah,0,0,0,0,0.2,78.9,0.4,0,6.07,0.4,0,0,0,0.4,0,0,0,0,0.2,0.2,0.2,0.8,0,3.8,78.9,0,0,0
30,Tottenham,90907,Tom-Carroll,0,0,0,0,0,0,0,0,6.00,0,0,0,0,0,0,0,0,0,0,0,0,0,0,1,0,0,0,0
167,Manchester City,73084,Kevin-De-Bruyne,6,18,4,0,2.4,82,0.4,9,7.55,1.4,0.6,1,0,0.2,1.8,0,0,2.9,1.4,1.1,0.1,1.3,1.6,50.1,82,2.3,2.3,0.4
167,Manchester City,75691,Nicolás-Otamendi,1,1,9,0,0.5,88.2,3.9,2,7.49,2.3,2.7,1,0.9,6.3,0.6,0.5,0,0.2,0.4,0.9,0,0.2,0.4,64.9,88.2,0,2.7,0
167,Manchester City,279379,Gabriel-Jesus,7,4,2,0,2.4,81.3,0.8,1,7.48,0.5,0.2,1.1,0,0.1,0.2,0,0,1,1.2,1.7,0.9,1.4,1.3,24.1,81.3,0.1,0.6,0
167,Manchester City,14260,Sergio-Agüero,20,3,4,1,4.5,82.4,0.2,6,7.33,0.6,0.1,0.7,0,0,0.6,0,0,1,2.5,1.1,0.7,2.2,2.5,24.9,82.4,0.1,0.5,0.1
167,Manchester City,12267,Aleksandar-Kolarov,1,1,6,0,1.1,84.5,2.9,2,7.30,1.6,1.6,1.2,0.6,5.4,0.6,0.3,1,0.5,0.8,1.3,0,0.2,0.6,64.1,84.5,0.4,4.2,0
167,Manchester City,14102,David-Silva,4,7,6,0,1.4,87.2,0.5,1,7.28,1.3,0.5,0.9,0,0.6,1.2,0.1,0,2.4,1.4,1.6,0.1,1.6,1.1,61,87.2,1.1,1.5,0.3
167,Manchester City,10136,Vincent-Kompany,3,0,5,0,0.8,88,1.7,0,7.18,1.3,1.5,1.7,0.3,3.8,0.3,0.4,0,0.2,0.2,0.5,0,0.2,0.2,50.7,88,0.1,3.2,0
167,Manchester City,14053,Yaya-Touré,5,0,4,0,1.3,89.8,1.6,2,7.17,1.7,0.6,1,0,1.6,1.1,0.2,0,0.8,1.1,0.4,0,1,0.8,71.9,89.8,0,3.9,0.1
167,Manchester City,19119,Fernandinho,2,1,4,2,1.1,86.6,1.6,1,7.16,2.5,2,1.5,0.2,1.9,1.8,0.2,0,1,0.9,1.1,0,1,0.8,68.1,86.6,0.2,3.3,0.1
167,Manchester City,77464,Ilkay-Gündogan,3,1,0,0,1.6,91.9,0.2,0,7.07,1,0.9,0.2,0,0.4,1.1,0,0,1.2,1.1,1,0,0.8,1.4,50.5,91.9,0.1,1,0.2
167,Manchester City,144711,Leroy-Sané,5,3,4,0,1.3,81.3,0.7,1,7.06,1.3,0.6,0.5,0,0.2,0.7,0,0,1.3,2,0.7,0.5,1.7,2,26.6,81.3,0.3,0.3,0
167,Manchester City,97692,Raheem-Sterling,7,6,7,0,1.9,80.4,0.4,4,7.05,0.7,0.5,1.1,0,0.1,1,0,0,1.4,2.4,1.6,0.5,2.6,1.8,31.4,80.4,0.2,0.3,0
167,Manchester City,6042,Gaël-Clichy,1,0,2,0,0.1,85.2,1.2,0,6.98,1.8,2.1,0.5,0.5,3.4,1,0.1,0,0.6,0.4,0.3,0,0.3,0.3,58.2,85.2,0.3,1.8,0
167,Manchester City,19471,Bacary-Sagna,0,1,2,0,0.2,88.7,2.3,0,6.93,1.4,1.2,0.2,0.2,2.8,0.4,0.2,0,0.5,0.2,0.5,0.1,0.2,0.5,48.9,88.7,0.2,1.3,0
167,Manchester City,101374,John-Stones,0,0,1,0,0.5,91.7,1.8,1,6.78,1,1.4,0.3,0.6,4.2,0.3,0.5,0,0.1,0.8,0.3,0,0.1,0.3,54.4,91.7,0,2.3,0
167,Manchester City,14244,Pablo-Zabaleta,1,1,2,0,0.4,82.9,1.2,1,6.74,2.1,1.2,0.7,0.2,2.1,0.7,0,0,0.6,0.4,0.8,0.3,0.3,0.4,28.7,82.9,0.1,0.8,0
167,Manchester City,34749,Willy-Caballero,0,0,0,0,0,76.2,0.3,0,6.69,0.1,0,0,0,0.9,0,0,0,0,0,0.1,0,0,0,23,76.2,0,4.2,0
167,Manchester City,91267,Nolito,4,2,3,1,1.7,82.1,0.4,0,6.59,0.8,0.3,0.9,0,0.2,0.7,0,0,0.7,0.5,0.5,0.2,0.7,0.7,20.5,82.1,0.2,0.5,0.1
167,Manchester City,27213,Fabian-Delph,1,0,1,0,0.9,93.3,0.6,0,6.56,1,1,0.9,0,0.6,0.4,0.1,0,0.3,0.3,0.7,0,0.3,0.4,32.1,93.3,0,0.4,0
167,Manchester City,9446,Jesús-Navas,0,0,2,0,0.3,83.5,0.4,0,6.53,0.8,0.9,0.3,0,0.5,0.5,0,0,0.8,0.6,0.5,0.1,0.4,0.6,24.2,83.5,0.7,1.1,0
167,Manchester City,31958,Fernando,0,0,3,0,0.1,88.5,1.2,0,6.52,1.4,0.9,0.7,0,2,0.6,0,0,0.2,0.1,0.5,0,0.1,0.3,24.9,88.5,0,1.1,0
167,Manchester City,289253,Kelechi-Iheanacho,4,3,0,0,1.1,76.6,0.3,0,6.40,0.3,0,0.4,0,0.1,0.2,0,0,0.7,0.4,0.1,0.3,1,1,9.6,76.6,0,0.2,0
167,Manchester City,14199,Claudio-Bravo,0,0,0,0,0,72.6,0.2,0,6.38,0,0,0,0,0.8,0.2,0,0,0,0.1,0.1,0,0,0,30.2,72.6,0,4.5,0
167,Manchester City,13298,Samir-Nasri,0,0,0,0,3,90.9,0,0,6.34,0,0,0,0,0,0,0,0,1,1,0,0,0,0,11,90.9,0,1,0
167,Manchester City,280663,Aleix-García,0,0,0,0,0,92.8,0.3,0,6.26,0.8,1,0,0,0,0.3,0,0,0.3,0,1,0,0.3,0.8,24.3,92.8,0,1,0
26,Liverpool,80767,Philippe-Coutinho,13,7,2,0,3.4,83.9,0.2,8,7.56,1.1,0.6,0.6,0,0.2,1.5,0,0,2.1,2.3,1.2,0.1,1.8,1.8,45.2,83.9,1.2,2.3,0.2
26,Liverpool,96182,Roberto-Firmino,11,7,5,0,2.9,79.4,1.8,5,7.54,1.7,0.7,1.5,0,0.4,1.5,0.1,0,2.2,2,0.9,0.5,2.3,2.3,44.1,79.4,0.3,0.9,0.1
26,Liverpool,109915,Sadio-Mané,13,5,4,0,2.1,77.5,1.6,2,7.51,0.9,0.3,1.2,0,0.4,0.7,0,0,1.6,2.5,2,0.5,2.7,2.2,37.8,77.5,0.3,0.9,0
26,Liverpool,68659,Jordan-Henderson,1,4,8,0,0.7,85.9,1.1,2,7.30,3.7,1.7,1.2,0,1.7,1.6,0.1,0,1.3,0.2,0.7,0,0.5,0.4,85.7,85.9,0.7,6.9,0.1
26,Liverpool,4511,James-Milner,7,3,5,0,1,79.7,1.6,2,7.26,2.6,1.2,1.1,0.3,2.8,1.4,0.1,0,1.6,0.9,0.6,0.1,0.6,0.9,60.2,79.7,1.5,3.6,0.1
26,Liverpool,29106,Dejan-Lovren,2,1,6,0,0.5,86.6,3.6,0,7.13,1.4,1.6,0.9,1.1,6.3,0.6,0.6,0,0.3,0,0.7,0,0.1,0.2,69,86.6,0,4.8,0
26,Liverpool,74341,Joel-Matip,1,0,3,0,0.9,87.2,2.2,0,7.11,1.6,1.6,0.5,0.9,5.3,0.2,0.4,0,0.3,0.3,0.4,0,0.1,0.2,58.6,87.2,0,3.2,0
26,Liverpool,21683,Adam-Lallana,8,7,3,0,1.6,84.3,0.7,1,7.10,1.6,0.6,0.5,0,0.7,1.3,0.1,0,1.4,1.1,1,0.4,1.7,1.6,45.4,84.3,0.3,0.9,0.1
26,Liverpool,111212,Emre-Can,5,2,6,0,1.4,81.6,2.1,3,7.05,2.1,1,2.2,0,1.6,1,0.1,0,1,0.7,0.9,0.1,0.8,1,51.8,81.6,0.1,3.3,0.1
26,Liverpool,33568,Georginio-Wijnaldum,6,9,2,0,1.7,87.3,1.1,0,6.95,1.3,0.7,0.6,0,0.9,0.9,0.1,0,1.2,0.8,0.8,0.1,1.5,1.3,45.1,87.3,0.1,1.6,0.1
26,Liverpool,69375,Nathaniel-Clyne,0,2,0,0,0.7,83.3,0.4,0,6.80,2.2,1.2,0.4,0.4,1.5,0.6,0.1,0,1.2,0.6,0.5,0,0.5,0.7,48.5,83.3,0.5,1.2,0
26,Liverpool,52197,Simon-Mignolet,0,0,0,0,0,61.5,0.7,0,6.72,0,0,0,0,1,0,0,0,0,0.1,0.2,0,0,0,28.8,61.5,0,5.3,0
26,Liverpool,31451,Lucas-Leiva,0,3,4,0,0.3,83.9,2.2,0,6.68,1.5,1.5,0.8,0.1,2.5,0.8,0.2,0,0.3,0.1,0.5,0,0.3,0.3,36.8,83.9,0.1,2.5,0
26,Liverpool,10839,Ragnar-Klavan,0,0,3,0,0.2,88.4,1.9,0,6.68,1.3,0.7,0.8,0.8,4.6,0.4,0.5,0,0.2,0.3,0.4,0,0.1,0.2,46.9,88.4,0.1,2.5,0.1
26,Liverpool,23736,Daniel-Sturridge,3,1,1,0,2,74.4,0.2,0,6.67,0,0.1,0.3,0,0,0.1,0.1,0,0.7,0.9,0.4,0.4,0.9,1.2,13.9,74.4,0.1,0.7,0.1
26,Liverpool,124688,Divock-Origi,7,3,0,0,1.1,76.2,0.9,0,6.50,0.3,0.1,0.6,0,0.1,0.1,0.1,0,0.5,0.6,0.9,0.4,1.2,2.2,11.5,76.2,0.1,0.4,0
26,Liverpool,107176,Loris-Karius,0,0,0,0,0,64.9,0.1,0,6.34,0,0.1,0,0,0.7,0,0,0,0,0,0.1,0,0,0,26.8,64.9,0,4.7,0
26,Liverpool,113275,Alberto-Moreno,0,1,1,0,0.3,83.5,0.2,0,6.28,0.5,0.2,0.2,0.1,1.4,0.4,0,0,0.4,0.3,0.5,0,0.1,0.5,15.2,83.5,0.3,0.4,0
26,Liverpool,244779,Marko-Grujic,0,0,1,0,0.8,78.8,1,0,6.22,0.2,0,0.4,0,0,0.2,0,0,0.2,0.4,0.4,0,0,0.4,6.6,78.8,0,0,0
26,Liverpool,318871,Trent-Alexander-Arnold,0,0,0,0,0.4,64.8,0,0,6.20,0.6,0.4,0.1,0,1.6,0.6,0.1,0,0.1,0.1,0.3,0,0.3,0.7,10.1,64.8,0.1,0.4,0
26,Liverpool,330818,Ben-Woodburn,0,0,0,0,0.4,90.6,0.2,0,6.14,0.8,0,0.4,0,0,0,0,0,0,0.2,0.2,0,0.8,0.4,6.4,90.6,0.2,0,0
26,Liverpool,107846,Kevin-Stewart,0,0,0,0,0,60,0.8,0,6.13,0,0,0.3,0,0.3,0,0,0,0,0.3,0,0,0,0,5,60,0,0,0
26,Liverpool,327852,Ovie-Ejaria,0,0,0,0,0,100,0,0,6.10,0.5,0,0,0,0,0.5,0,0,0,0,0,0,0,0,4,100,0,0,0
13,Arsenal,25244,Alexis-Sánchez,24,10,6,0,3.4,73.6,0.4,10,7.76,1.4,0.7,1.3,0,0.1,0.7,0,0,2.1,2.9,1.8,0.7,3.4,2.5,43.3,73.6,0.4,2,0.2
13,Arsenal,124316,Calum-Chambers,1,0,0,0,2,82.4,8,0,7.63,2,1,0,0,1,1,1,0,0,0,2,0,0,0,85,82.4,0,8,0
13,Arsenal,80921,Shkodran-Mustafi,2,2,11,0,0.9,82.7,3.9,2,7.35,2.2,2.5,1.3,1.2,5,0.8,0.2,0,0.3,0.6,0.6,0,0.2,0.3,60.1,82.7,0.2,2.1,0
13,Arsenal,13756,Mesut-Özil,8,9,2,0,1.2,86.6,0.2,4,7.30,0.8,0.5,0.4,0,0.3,0.8,0,0,3,1,1,0.6,1.2,1.9,63.9,86.6,1.8,1.7,0.1
13,Arsenal,30051,Laurent-Koscielny,2,0,4,1,0.3,87.9,3.5,1,7.25,1.5,2.7,0.6,1,6.1,0.6,0.7,0,0.1,0.1,0.8,0.1,0,0.4,50.5,87.9,0,2.2,0
13,Arsenal,4522,Santi-Cazorla,2,2,2,0,1,91.3,0,1,7.04,1.3,0.9,0.5,0,0.4,1,0.3,0,1.3,1,0.3,0.1,1.1,1.6,70,91.3,1.1,2.5,0
13,Arsenal,91879,Carl-Jenkinson,0,0,0,0,0,60,3,0,7.03,4,2,1,1,5,0,1,0,0,0,1,0,0,0,35,60,0,2,0
13,Arsenal,84146,Alex-Oxlade-Chamberlain,2,7,1,0,1,82.2,0.5,1,6.99,1.3,0.4,1,0,0.8,0.6,0.1,0,1.1,2.1,0.6,0,1,0.9,26.7,82.2,0.5,1.3,0.1
13,Arsenal,13796,Theo-Walcott,10,2,1,0,2.2,75.3,0.8,1,6.99,1.3,0.5,0.5,0,0.5,0.6,0,0,0.5,1.5,1,0.6,1.4,2,19.3,75.3,0.3,0.2,0.1
13,Arsenal,27550,Kieran-Gibbs,0,1,3,0,0.5,82.3,1.7,0,6.98,1,0.9,1,0.4,3,0.7,0,0,0.9,1.3,0.1,0,0.4,0.7,33.8,82.3,0.7,0.7,0
13,Arsenal,23072,Nacho-Monreal,0,2,5,0,0.3,85.6,1.6,0,6.98,2.5,2.5,0.9,0.2,2.8,1.4,0.3,0,0.3,0.4,1,0.2,0.5,0.4,48.7,85.6,0.2,1.1,0
13,Arsenal,288795,Rob-Holding,0,0,3,0,0.6,82.4,3,0,6.97,1.3,1.1,1.1,0.9,5.1,0.9,0.7,0,0.3,0.8,0.2,0,0.2,0.7,51.8,82.4,0.2,2.8,0
13,Arsenal,89401,Granit-Xhaka,2,2,5,2,1.1,89.5,1.1,0,6.96,2.4,1.3,1.2,0,1,1.3,0.2,0,1.1,0.6,0.6,0,0.7,0.6,71.8,89.5,0.2,5.7,0.2
13,Arsenal,6775,Petr-Cech,0,0,2,0,0,55.8,0.1,0,6.94,0,0,0.1,0,0.5,0,0,1,0,0.1,0.1,0,0,0,24.1,55.8,0,6.2,0
13,Arsenal,76810,Gabriel-Paulista,0,0,6,0,0.5,87,2.6,0,6.90,1.3,1.6,1.1,0.5,4.5,0.5,0.5,0,0.2,0.5,0.6,0,0.3,0.5,45.9,87,0.1,1.3,0
13,Arsenal,24444,Olivier-Giroud,12,3,2,0,1.3,71.5,1.7,1,6.81,0.5,0.2,0.7,0,0.6,0.4,0.1,0,0.6,0.1,0.4,0.4,0.7,1.3,12.7,71.5,0,0.1,0
13,Arsenal,125211,Héctor-Bellerín,1,4,4,0,0.7,84.6,1,0,6.81,0.7,1.1,0.6,0.2,1.4,0.5,0.2,0,0.8,1.4,0.4,0,1.3,1.2,42.2,84.6,0.3,0.6,0.1
13,Arsenal,69738,Francis-Coquelin,0,0,5,0,0.5,87.8,1.2,1,6.80,2.5,1.8,1.1,0,1.1,1.2,0.3,0,0.5,0.6,1.4,0,1,1.1,40.7,87.8,0,1.1,0
13,Arsenal,136824,Alex-Iwobi,3,3,1,0,1.5,87.5,0.2,1,6.72,0.7,0.3,0.3,0,0.2,0.4,0.2,0,1,1.1,0.5,0.1,1,0.9,34.5,87.5,0.2,0.7,0.1
13,Arsenal,6292,Per-Mertesacker,0,0,0,0,0,100,1,0,6.72,2,1,0,0,2,0,2,0,0,0,1,0,0,0,8,100,0,1,0
13,Arsenal,26820,Aaron-Ramsey,1,4,3,0,1.8,88.4,0.3,1,6.72,0.9,0.5,0.7,0,0.6,1,0.1,0,1,0.9,0.9,0.1,1,1,40,88.4,0.1,1.1,0.1
13,Arsenal,102248,Emiliano-Martínez,0,0,0,0,0,74.4,0,0,6.65,0,0,0.5,0,0,0,0,0,0,0,0,0,0,0,21.5,74.4,0,3,0
13,Arsenal,39308,Danny-Welbeck,2,2,0,0,1.2,83.9,1.1,0,6.56,0.4,0.4,0.4,0,0.6,0.1,0.1,0,0.3,0.2,0.6,0.1,0.8,1.2,12,83.9,0,0.1,0
13,Arsenal,125209,Mohamed-Elneny,0,1,1,0,1.1,92.9,0.4,0,6.53,1.6,0.5,0.7,0,0.4,0.5,0,0,0.3,0.2,0.4,0,0.4,0,44,92.9,0.1,1.5,0
13,Arsenal,11367,Mathieu-Debuchy,0,0,0,0,0,90,0,0,6.40,0,1,0,0,0,0,0,0,0,0,0,0,1,0,10,90,0,0,0
13,Arsenal,42686,Jack-Wilshere,0,0,1,0,0,87,0,0,6.40,1,0.5,1,0,0,0,0,0,0,1,1.5,0,0.5,0,11.5,87,0.5,0.5,0
13,Arsenal,135663,Lucas-Pérez,1,0,0,0,0.8,76.7,0.2,0,6.36,0.3,0.2,0.2,0,0.1,0.3,0,0,0.6,0.1,0.2,0,0.4,0.6,10.5,76.7,0.1,0.2,0
13,Arsenal,36745,David-Ospina,0,0,0,0,0,77.3,0.5,0,6.17,0,0,0,0,1.5,1,0,0,0,0,0.5,0,0,0,22,77.3,0,7,0
13,Arsenal,255169,Ainsley-Maitland-Niles,0,0,0,0,0,75,0,0,6.14,1,0,0,0,0,0,0,0,0,0,0,0,0,0,4,75,0,0,0
32,Manchester United,338496,Josh-Harrop,1,0,0,0,2,97.6,0,1,8.34,6,0,4,0,1,2,0,0,1,1,1,0,1,3,41,97.6,1,0,0
32,Manchester United,33831,Sergio-Romero,0,0,0,0,0,71.7,0,1,8.17,0,0,0,0,1,0,0,0,0,0,0,0,0,0,23,71.7,0,13,0
32,Manchester United,136457,Demetri-Mitchell,0,0,0,0,0,86,0,0,8.15,5,3,0,0,2,1,0,0,2,2,2,0,1,3,50,86,1,1,1
32,Manchester United,97752,Paul-Pogba,5,4,7,0,3.1,85.1,2.8,4,7.72,1.8,1,2.1,0.1,1.4,1,0.1,0,1.9,2.4,2.4,0.1,1.8,2.6,72.6,85.1,0.2,5.4,0.4
32,Manchester United,3281,Zlatan-Ibrahimovic,17,5,7,0,4.1,73.6,3,5,7.41,0.4,0.4,1.9,0,0.8,0.5,0,0,1.7,0.6,0.7,1.3,1.4,2,37.3,73.6,0.1,1.4,0.3
32,Manchester United,71174,Ander-Herrera,1,6,5,1,1.2,87.6,0.9,5,7.36,2.7,2.6,1.5,0,1.6,2.1,0.2,0,1.2,1,1.5,0,0.6,0.6,67.4,87.6,0.6,3.7,0.2
32,Manchester United,18296,Luis-Antonio-Valencia,1,3,5,0,0.3,85.8,0.8,0,7.24,2.4,1.5,1.2,0.1,2.1,0.4,0.3,0,1.1,1.3,0.6,0.3,0.5,0.8,48.9,85.8,1.5,1.8,0
32,Manchester United,243814,Eric-Bailly,0,0,4,0,0.2,85.5,1.5,0,7.23,2.4,2.4,1.1,0.8,5,0.5,0.6,0,0,0.6,1,0,0.3,0.6,35,85.5,0,2.4,0
32,Manchester United,70033,Daley-Blind,1,2,2,0,0.4,85.9,1.1,0,7.23,2,1.9,0.6,0.2,4.7,0.7,0.4,0,1.2,0.3,0.6,0,0.2,0.3,45.2,85.9,1,2.9,0
32,Manchester United,81726,Phil-Jones,0,0,2,0,0.2,89.3,2.6,0,7.21,1.9,1.6,0.5,0.2,7.6,0.2,0.9,0,0.1,0.3,0.6,0,0.2,0.1,44.1,89.3,0,2.4,0
32,Manchester United,70050,Marcos-Rojo,1,0,5,0,0.7,86,2.2,0,7.16,1.4,1.6,1.1,0.2,6.8,0.5,0.3,0,0.2,0.5,0.5,0,0.1,0.2,45.3,86,0.1,3.2,0
32,Manchester United,25363,Juan-Mata,6,3,3,0,1.6,89.7,0.2,1,6.98,0.8,0.4,0.4,0,0.3,0.9,0,1,1.8,0.6,0.6,0.4,0.6,0.7,39.6,89.7,1,1.8,0.1
32,Manchester United,23220,Matteo-Darmian,0,0,3,0,0.1,81.5,1.4,0,6.95,2.3,2.2,1.1,0.1,3.9,1.4,0.1,0,0.1,0.2,0.9,0.1,0.4,0.3,33,81.5,0.2,1.1,0
32,Manchester United,122366,Anthony-Martial,4,6,2,0,1.7,81.3,0.8,3,6.94,0.7,0.4,1,0,0.4,0.4,0,0,1,1.8,1.1,0.2,1.6,1.6,24.3,81.3,0.3,0.5,0
32,Manchester United,22738,Marouane-Fellaini,1,0,9,1,0.8,86,3.4,0,6.91,2,1,1.5,0,1.9,1.2,0.2,0,0.6,0.5,0.7,0.1,0.8,0.8,37.8,86,0,0.9,0
32,Manchester United,118244,Luke-Shaw,0,1,1,0,0.5,85.6,1,0,6.90,1.1,1.1,0.6,0,2.5,0.4,0.1,0,0.9,0.8,0.5,0,0.5,0.7,34.8,85.6,0.6,0.8,0
32,Manchester United,28421,Henrikh-Mkhitaryan,4,1,1,0,1.4,84.1,0.4,1,6.90,1,0.9,0.8,0,0.5,0.9,0,0,1.2,1.2,1.1,0.3,1.8,1.3,32.2,84.1,0.4,1.3,0.2
32,Manchester United,8166,Ashley-Young,0,1,2,0,0.4,83.2,0.3,0,6.83,1.5,1.3,0.8,0.1,2.1,0.6,0.2,0,0.9,0.9,1.3,0.1,0.5,1,35.7,83.2,0.5,1.5,0
32,Manchester United,3859,Wayne-Rooney,5,5,8,0,2.1,84.2,0.5,0,6.80,0.8,0.6,0.9,0,0.4,0.9,0.1,0,1.4,0.5,0.4,0.3,1.5,0.9,31.2,84.2,1,2.5,0.1
32,Manchester United,312584,Joel-Pereira,0,0,0,0,0,48.1,0,0,6.78,0,0,0,0,1,0,0,0,0,0,0,0,0,0,27,48.1,0,2,0
32,Manchester United,71345,Chris-Smalling,1,1,0,0,0.4,88.4,2.7,0,6.72,0.7,0.7,0.4,0.2,7,0.2,0.5,0,0.2,0,0.4,0.1,0.1,0.2,25.8,88.4,0,1.2,0
32,Manchester United,109000,Jesse-Lingard,1,2,3,0,1.5,87.9,0.2,1,6.69,0.7,0.6,1,0,0.3,0.4,0,0,1.2,0.8,0.8,0.2,0.8,1.1,29,87.9,0.3,0.7,0.2
32,Manchester United,2115,Michael-Carrick,0,0,2,0,0.3,89,0.4,0,6.68,1.1,1.8,0.2,0.1,1.7,0.9,0.3,0,0.5,0.3,0.8,0,0.2,0.4,54.9,89,0,3.4,0.1
32,Manchester United,299271,Axel-Tuanzebe,0,0,0,0,0.5,91.6,0.5,0,6.64,2.3,1.8,1.5,0.5,2,1,0,0,0.3,0.3,1,0,0.3,0.3,35.8,91.6,0,0.5,0
32,Manchester United,336915,Scott-McTominay,0,0,1,0,0.5,91.2,0.5,0,6.60,0,1,1,0,1.5,0,0.5,0,0.5,0,1,0,0.5,0,28.5,91.2,0.5,1,0
32,Manchester United,300299,Marcus-Rashford,5,1,3,0,1.4,78.7,0.1,0,6.58,0.5,0.4,0.5,0,0.2,0.3,0,0,0.7,1.2,1,0.3,1.2,1.5,17,78.7,0.4,0.3,0
32,Manchester United,79554,David-de-Gea,0,0,2,0,0,60,0,0,6.57,0,0,0,0,0.3,0,0,0,0,0,0.1,0,0,0,24.3,60,0,9.2,0
32,Manchester United,312739,Timothy-Fosu-Mensah,0,0,0,0,0.3,80.5,0.3,0,6.38,1.3,0.5,0.8,0,1,0.5,0,0,0,0,0,0,0,0,10.3,80.5,0,0,0
32,Manchester United,338497,Angel-Gomes,0,0,0,0,0,92.3,0,0,6.05,0,0,0,0,0,0,0,0,0,0,0,0,0,0,13,92.3,0,0,0
32,Manchester United,29544,Morgan-Schneiderlin,0,0,0,0,0,86.7,0,0,6.04,0.3,0.3,0,0,0,0,0,0,0,0,0.3,0,0,0,5,86.7,0,0,0
32,Manchester United,110154,Memphis-Depay,0,0,1,0,0,71.4,0,0,5.95,0.3,0,0.3,0,0.3,0,0,0,0,0,0,0.3,0.5,0.5,3.5,71.4,0,0,0
31,Everton,78498,Romelu-Lukaku,25,6,3,0,3,65.5,3.7,6,7.50,0.2,0,0.9,0,0.7,0.4,0.1,0,1.3,1.7,0.9,1,2.4,2.1,26.1,65.5,0.2,0.5,0.1
31,Everton,80464,Idrissa-Gueye,1,1,11,0,0.8,86.3,1,2,7.23,4.1,2.5,1.5,0,1.2,1.5,0.3,0,0.8,0.8,1.6,0,1.1,0.8,57.1,86.3,0.1,2.9,0
31,Everton,69844,Yannick-Bolasie,1,4,2,0,2.1,72.7,1.3,1,7.20,1.4,0.2,1.8,0,0.6,0.5,0.2,0,1.5,2.8,1.2,0.2,1.8,2.5,21.7,72.7,1.5,0.7,0.1
31,Everton,92547,Ross-Barkley,5,8,5,0,2.4,82.5,1.2,1,7.15,0.8,0.3,1.4,0,1,1,0.2,0,2.3,1.7,1,0.2,2.7,2.1,45.9,82.5,0.8,3.1,0.1
31,Everton,6105,Phil-Jagielka,3,2,4,1,0.5,82.8,3.3,2,7.13,1.6,1.5,0.5,0.3,7.7,0.3,0.9,0,0.2,0.1,1,0,0.1,0.2,45.1,82.8,0,5.4,0
31,Everton,31826,Séamus-Coleman,4,3,3,0,0.7,77.9,0.8,2,7.12,2.1,1.1,0.7,0.2,2.6,0.7,0.7,0,0.7,1.2,1,0.2,1.2,1.2,35.4,77.9,0.7,2,0
31,Everton,8408,Ashley-Williams,1,3,7,1,0.4,82,2.3,1,7.04,1.5,1.6,1.1,0.4,7.9,0.6,0.8,0,0.3,0.1,0.4,0.1,0.1,0.2,47.8,82,0,4.6,0
31,Everton,29544,Morgan-Schneiderlin,1,0,2,0,0.6,89.9,1.3,0,7.02,1.8,2.1,1.5,0,2,1.2,0.3,0,0.4,0.6,0.6,0,0.8,0.6,60.8,89.9,0.1,4.9,0
31,Everton,81681,Joel-Robles,0,1,2,0,0,50.9,0.2,0,6.99,0.1,0,0.1,0,0.8,0,0,0,0.1,0.1,0.2,0,0,0,28.5,50.9,0,8.1,0
31,Everton,8222,Leighton-Baines,2,3,4,0,0.5,81.5,0.8,2,6.99,2,1.4,1.1,0.1,2,0.8,0.2,0,1.4,0.4,0.9,0,0.4,0.2,40.9,81.5,1,2.4,0
31,Everton,297544,Mason-Holgate,0,1,2,0,0.3,74.8,1.8,0,6.90,2.3,1.2,0.7,0.2,3.7,1.1,0.3,0,0.5,0.4,0.8,0,0.3,0.6,35.7,74.8,0.3,1.9,0
31,Everton,15834,Kevin-Mirallas,4,6,2,0,1.8,82.9,0.5,1,6.86,0.5,0.2,0.8,0,0.3,0.5,0,0,1.2,1.4,0.7,0.1,1,1.3,20.5,82.9,1,1.1,0.1
31,Everton,188,Gareth-Barry,2,1,10,0,0.5,79.4,1,1,6.84,2.1,1.1,1.5,0,1.7,0.9,0.7,0,0.8,0.4,0.7,0,0.6,0.3,41.7,79.4,0.2,3,0.1
31,Everton,121454,Ramiro-Funes-Mori,0,1,0,0,0.5,79.5,2,0,6.82,1.1,1.3,0.4,0.3,4.8,1.1,0.3,0,0.2,0.3,0.6,0,0.2,0.1,34.5,79.5,0,3.9,0
31,Everton,316077,Tom-Davies,2,3,4,0,0.6,82.8,0.4,1,6.68,1.5,0.8,1,0,0.4,1.4,0.2,0,0.5,0.6,1.5,0.2,1.2,1.7,32.6,82.8,0,1.3,0.2
31,Everton,83455,Bryan-Oviedo,0,0,3,0,0,77,1,0,6.66,2.3,1,1.3,0.2,1.8,0.8,0.3,0,0.5,1,0.3,0.2,1,0.5,31.8,77,0,1.3,0
31,Everton,31281,James-McCarthy,1,1,2,0,0.5,75.7,0.9,0,6.59,1.6,0.8,0.8,0,0.7,0.7,0.3,0,0.4,0.4,0.7,0,0.3,0.8,20.6,75.7,0.1,1.6,0
31,Everton,83895,Enner-Valencia,3,1,1,0,1.1,79.3,0.8,0,6.53,0.7,0.3,0.8,0,0.4,0.7,0,0,0.3,0.9,0.7,0.2,0.7,1.5,9.4,79.3,0,0.4,0
31,Everton,4065,Maarten-Stekelenburg,0,0,2,0,0,53.4,0.2,1,6.52,0,0,0,0,0.9,0.1,0,1,0,0.1,0.2,0,0,0.1,24.8,53.4,0,7.8,0
31,Everton,98317,Gerard-Deulofeu,0,0,1,0,0.6,72,0,0,6.52,0.5,0.4,0.2,0,0,1.4,0,0,0.9,1.8,0.3,0.9,0.8,1.1,14.9,72,0.5,0.5,0
31,Everton,141451,Matthew-Pennington,1,0,0,0,0.3,75.3,0.3,0,6.46,0.7,1.7,0.3,0.3,3.7,0.7,0.3,0,0.3,0,0,0,0,0.7,24.3,75.3,0,2,0
31,Everton,299451,Ademola-Lookman,1,0,0,0,2,87.2,0.1,0,6.41,0.6,0.3,0.5,0,0.4,0.5,0,0,0,1.1,0.9,0.3,1.3,0.9,11.8,87.2,0,0.4,0
31,Everton,5625,Aaron-Lennon,0,1,0,0,0.5,80.6,0,0,6.37,1.2,0.3,0.1,0.1,0.8,0.5,0.1,0,0.5,0.3,0.3,0,0.3,0.7,12.2,80.6,0.2,0.3,0
31,Everton,69956,Tom-Cleverley,0,0,1,0,0.2,83.5,0.3,0,6.26,1,1.1,0.7,0,0.5,1,0.1,0,0.3,0.2,0.2,0,0.9,0.6,20,83.5,0.2,1.2,0
31,Everton,141469,Dominic-Calvert-Lewin,1,0,1,0,0.6,66.7,1.5,0,6.26,0.6,0.5,0.4,0,0.6,0.3,0.1,0,0,0,0.6,0.1,1.3,0.9,7.9,66.7,0,0.2,0
31,Everton,8943,Arouna-Koné,0,0,0,0,0.5,93.8,0.2,0,6.07,0,0,0,0,0,0.2,0,0,0.2,0.3,0,0,0.2,1,5.3,93.8,0,0.2,0
31,Everton,255961,Jonjoe-Kenny,0,0,0,0,0,66.7,1,0,6.03,0,0,1,0,0,0,0,0,0,0,0,0,0,0,9,66.7,0,0,0
18,Southampton,95408,Virgil-van-Dijk,1,0,3,1,0.8,84.2,4.7,3,7.43,1.9,2.6,0.9,0.2,6.8,0.3,0.7,0,0.3,0.4,0.8,0,0.1,0.2,46.7,84.2,0,4.6,0
18,Southampton,90780,Oriol-Romeu,1,0,11,0,0.8,84.2,2.1,1,7.15,3.3,2.5,1.9,0.1,1.9,1.7,0.4,0,0.5,0.8,1,0,0.8,0.7,59.1,84.2,0.1,2.8,0
18,Southampton,37204,Maya-Yoshida,1,0,2,0,0.7,86,3.3,0,7.03,1.3,2,0.8,0.4,6.3,0.1,0.6,0,0.2,0,0.9,0,0.2,0.5,49,86,0,1.9,0
18,Southampton,86425,Nathan-Redmond,7,1,2,1,2.2,82.7,0.4,3,6.97,1.1,0.4,1,0,0.2,0.6,0.1,0,1.5,1.9,1.2,0.4,1.8,1.1,30.7,82.7,0.4,1.5,0.1
18,Southampton,69945,Cédric-Soares,0,3,7,0,0.7,74,0.9,1,6.96,2.8,1.1,0.7,0.1,2.5,0.7,0.2,0,1.3,0.4,0.6,0.1,0.8,0.9,41.9,74,1.4,2.6,0
18,Southampton,82102,Charlie-Austin,6,1,1,0,2.5,62.7,2.9,1,6.94,0.9,0.3,0.9,0,0.9,0.4,0.1,0,0.5,0.1,1.5,0.5,1.6,1,17,62.7,0.1,0.6,0.1
18,Southampton,22846,Ryan-Bertrand,2,4,3,0,0.7,83.4,1.5,0,6.86,1.3,1.6,0.9,0.1,1.6,0.5,0.4,0,1,0.5,1.3,0.1,0.5,1.4,46.7,83.4,0.5,1.3,0
18,Southampton,19859,José-Fonte,0,0,2,0,0.6,83.9,2.3,0,6.81,1.5,2.1,1,0.4,5.8,0.5,0.6,0,0.3,0.1,0.7,0,0.1,0.5,55.5,83.9,0,3.4,0
18,Southampton,136776,Matt-Targett,0,0,0,0,0.4,78.5,1.6,0,6.81,2,1.6,0.2,0,2,0.4,0,0,1,0.2,0.6,0,0.2,0.6,41,78.5,0.8,2.6,0
18,Southampton,101859,Pierre-Emile-Højbjerg,0,0,2,0,1.3,88.2,0.8,1,6.79,2,1.5,0.9,0,1.1,1.3,0.2,0,0.7,0.7,1.4,0,1.1,1,45.5,88.2,0.4,2.1,0
18,Southampton,92550,Jack-Stephens,0,1,1,0,0.2,83.9,1.7,0,6.78,1.3,1.4,0.9,0.5,4.6,0.6,1.1,0,0.2,0.5,0.3,0.1,0.2,0.2,42.8,83.9,0,1.5,0.1
18,Southampton,234363,Sofiane-Boufal,1,0,5,0,1,76.8,0.4,0,6.73,1.6,0.2,1,0,0.1,0.8,0,0,1,3,0.9,0,2.3,1.9,21.2,76.8,0.2,0.7,0
18,Southampton,29474,Dusan-Tadic,3,5,4,0,1.9,79.3,0.1,0,6.72,0.6,0.5,0.9,0,0.3,0.6,0.1,0,2,0.9,1.2,0.3,2.2,1.7,32.2,79.3,1.4,0.7,0.3
18,Southampton,105172,James-Ward-Prowse,4,4,4,0,1.4,83.1,0.7,0,6.69,1,0.6,0.9,0.1,1.1,0.8,0.1,0,1.4,0.2,0.6,0,1.1,0.7,32.2,83.1,1.3,0.8,0
18,Southampton,9734,Steven-Davis,0,3,3,0,1,86.2,0.3,0,6.68,1.7,0.7,0.6,0,1.4,1.2,0.3,0,1,0.6,0.4,0,1.3,0.8,53.6,86.2,0.3,3.6,0.1
18,Southampton,30635,Martín-Cáceres,0,0,0,0,1,94,2,0,6.66,1,1,0,1,4,0,1,0,0,0,0,0,0,0,50,94,0,2,0
18,Southampton,74921,Manolo-Gabbiadini,4,0,1,0,2.6,70.1,0.8,1,6.58,0.2,0.3,0.7,0,0.9,0.2,0,0,0.5,0.2,0.9,0.9,0.5,1,10.6,70.1,0.1,0.1,0
18,Southampton,43712,Cuco-Martina,0,0,0,0,0.1,81.4,0.4,0,6.57,1.2,1.7,0.4,0.1,1.8,0.2,0.1,0,0.6,0.1,0.6,0.1,0.6,0.6,34.1,81.4,1,1.6,0
18,Southampton,142438,Sam-McQueen,0,0,0,0,0.1,74.5,1.6,0,6.52,1.2,1.2,0.2,0.1,1.9,0.3,0.3,0,0.2,0,0.2,0,0.5,0.6,23.2,74.5,0.3,0.8,0
18,Southampton,33891,Jay-Rodriguez,5,2,0,0,1.4,67.1,1.7,2,6.50,0.3,0.1,0.6,0,0.6,0.3,0,0,0.3,0.3,0.3,0.4,0.7,1,9.8,67.1,0,0.2,0.1
18,Southampton,330916,Josh-Sims,0,1,0,0,0.7,76.5,0.3,0,6.42,0.4,0.1,0.3,0,0.1,0.3,0,0,0.3,1.3,0.4,0,0.9,0.9,11.6,76.5,0,0,0
18,Southampton,13798,Shane-Long,3,1,2,0,1.3,69.9,1.4,0,6.40,0.4,0.2,0.9,0,0.4,0.2,0.1,0,0.4,0.2,1.2,0.4,0.4,1,9.6,69.9,0.1,0.1,0
18,Southampton,90802,Jordy-Clasie,1,1,3,0,0.8,84.6,0.4,0,6.40,1.1,0.9,0.9,0,0.6,1.2,0.1,0,0.3,0.1,0.4,0,0.4,0.4,38.9,84.6,0.1,2.1,0
18,Southampton,29796,Fraser-Forster,0,0,3,0,0,48.8,0.1,2,6.39,0,0,0,0,0.5,0,0,0,0,0,0,0,0,0,22.6,48.8,0,6.6,0
18,Southampton,42248,Jérémy-Pied,0,0,0,0,0.8,80,0,0,6.33,0.8,0.5,0.3,0,0.5,0.3,0.3,0,0.3,0.5,0.8,0,0,0.3,17.5,80,0.3,0.3,0
18,Southampton,135724,Harrison-Reed,0,0,0,0,0,86.8,0.7,0,6.29,0.7,1.3,0.3,0,0.7,1.7,0,0,0,0,0,0,0,0.3,12.7,86.8,0,1,0
183,Bournemouth,122945,Nathan-Aké,3,0,0,0,0.6,87.9,1.9,1,7.20,1.8,0.9,0.3,0.6,7.3,0.3,0.8,0,0.3,0.3,0.2,0,0.2,0.3,34.6,87.9,0.1,1.2,0
183,Bournemouth,68662,Steve-Cook,2,0,5,0,0.8,82,3.8,2,7.18,1.2,2,0.4,0.7,9.3,0.4,1,1,0.1,0.5,0.4,0,0.1,0.4,45.2,82,0,4.4,0
183,Bournemouth,81026,Joshua-King,16,2,1,0,1.9,79.6,1.1,3,7.08,1.4,0.5,1.6,0,1.1,0.7,0.2,0,0.8,2.1,1.2,0.1,2.5,2.8,19.9,79.6,0.3,0.3,0.1
183,Bournemouth,9298,Simon-Francis,0,1,4,1,0.2,79.6,3.4,0,6.94,1.8,1.6,0.8,0.7,6.4,0.6,0.6,0,0.6,0.5,0.5,0,0.4,0.4,48.7,79.6,0.4,4.2,0
183,Bournemouth,24827,Charlie-Daniels,4,3,1,0,0.6,81.7,1,1,6.93,1.7,1.5,0.4,0.3,2.3,0.9,0.4,0,0.9,0.9,0.7,0,0.7,0.9,47.5,81.7,0.6,1.8,0.1
183,Bournemouth,69912,Junior-Stanislas,7,5,1,0,2,79.8,0.7,1,6.93,0.7,0.4,0.4,0,0.7,0.6,0.2,0,1,0.6,0.3,0.2,0.6,1.2,29.3,79.8,0.6,1,0.2
183,Bournemouth,69877,Adam-Smith,1,5,6,0,0.7,84.7,0.9,1,6.84,2.4,1.5,1.3,0.2,2,1.3,0.4,1,0.8,1,1.9,0.1,0.6,1.7,40.3,84.7,0.4,1,0
183,Bournemouth,42686,Jack-Wilshere,0,2,3,0,1,83.4,0.3,0,6.82,0.9,0.4,0.7,0,0.4,0.7,0.2,0,1.3,2.1,1.8,0,1.3,1.4,38.7,83.4,0.2,2.3,0.3
183,Bournemouth,14000,Marc-Pugh,2,2,1,0,0.9,81.3,1,2,6.77,1,0.6,0.3,0,1,0.9,0.1,0,0.9,1.5,1,0,1.5,1.2,23.7,81.3,0.2,0.7,0.1
183,Bournemouth,136456,Lewis-Cook,0,2,1,0,0.8,84.6,0.2,0,6.75,1.7,1.2,0.3,0,0.3,0.8,0.5,0,1,0.3,0.5,0,0.8,0.7,46.5,84.6,0,4.7,0.2
183,Bournemouth,67807,Harry-Arter,1,4,11,1,1.5,88.2,0.1,2,6.72,2.4,1.4,1,0.1,0.9,2.1,0.4,0,0.9,0.7,1.3,0,0.6,0.9,57.3,88.2,0.1,4.8,0.1
183,Bournemouth,93160,Ryan-Fraser,3,5,3,0,0.9,79,0.2,1,6.71,0.5,0.4,0.6,0,0.5,0.5,0,0,1.1,0.7,2.3,0.1,0.9,0.9,23.9,79,0.8,0.6,0
183,Bournemouth,14111,Artur-Boruc,0,0,2,0,0,55.2,0.3,1,6.68,0,0,0,0,0.7,0.1,0,0,0,0,0.2,0,0,0,25.4,55.2,0,6.7,0
183,Bournemouth,74586,Ryan-Allsop,0,0,0,0,0,38.5,0,0,6.63,0,0,0,0,1,0,0,0,0,0,0,0,0,0,26,38.5,0,4,0
183,Bournemouth,13447,Andrew-Surman,0,1,1,1,0.4,86,0.8,0,6.58,0.7,2,0.8,0.1,1.7,0.8,0.2,0,0.5,0.5,0.8,0,0.5,0.4,59.9,86,0.1,4.8,0.1
183,Bournemouth,13846,Dan-Gosling,2,0,6,0,0.6,84.5,0.5,0,6.56,1.9,1,0.9,0,0.7,1.3,0.1,0,0.4,0.6,1.1,0,0.7,0.9,30.6,84.5,0.1,1.7,0
183,Bournemouth,13797,Adam-Federici,0,0,1,0,0,53.7,0,0,6.55,0,0,0,0,0.5,0,0,0,0,0,0,0,0,0,27,53.7,0,8,0
183,Bournemouth,134115,Callum-Wilson,6,0,0,0,1.6,72.8,0.3,0,6.49,0.3,0.3,1.5,0,0.1,0.3,0.2,0,0.4,0.4,1.3,0.9,2,2.4,9.6,72.8,0.1,0.1,0
183,Bournemouth,93647,Benik-Afobe,6,3,1,0,1.3,78.8,1.3,0,6.49,0.3,0.2,0.7,0,0.6,0.4,0.1,0,0.7,0.3,0.4,0.5,0.7,0.9,9.6,78.8,0,0.1,0
183,Bournemouth,105797,Jordon-Ibe,0,0,0,0,0.6,82.5,0,0,6.36,0.5,0.4,0.3,0,0.1,0.5,0.1,0,0.7,1.6,0.5,0,1.2,1.6,15.1,82.5,0.2,0.2,0
183,Bournemouth,123167,Tyrone-Mings,0,0,0,0,0.1,83.2,2,0,6.34,1.4,0.7,1,0.6,5.7,0.4,0.7,2,0.1,0.3,0.6,0,0.4,0.6,43.3,83.2,0.1,3.6,0
183,Bournemouth,140889,Baily-Cargill,0,0,0,0,0,0,0,0,6.23,1,0,0,0,2,0,0,0,0,0,0,0,0,0,1,0,0,0,0
183,Bournemouth,19736,Lewis-Grabban,0,1,0,0,0.3,73.7,0,0,6.20,0.3,0,0,0,0,0.3,0,0,0.3,0,0,0,1.7,0,6.3,73.7,0,0.3,0
183,Bournemouth,29814,Max-Alain-Gradel,0,0,3,0,0.5,75.9,0.2,0,6.18,0.4,0.3,0.4,0,0.4,0.4,0,0,0.1,0.5,0.1,0.2,0.3,0.4,4.9,75.9,0,0.1,0
183,Bournemouth,141414,Brad-Smith,0,0,1,0,0.4,78.1,0,0,6.16,1,0.6,0.4,0,1.8,0.8,0.2,0,0.4,0.2,0.6,0,0.6,0.4,22.8,78.1,0,0.6,0
183,Bournemouth,296332,Lys-Mousset,0,0,0,0,0.9,68.3,0.6,0,6.10,0.4,0,0.5,0,0.5,0.1,0.1,1,0.3,0.4,0.5,0.1,1.2,1.3,5.7,68.3,0,0.1,0
183,Bournemouth,338498,Matt-Worthington,0,0,0,0,0,70,1,0,6.03,0,0,0,0,0,0,0,0,0,0,0,0,0,1,10,70,0,0,0
175,West Bromwich Albion,8773,Gareth-McAuley,6,1,5,0,0.4,65.9,3.1,1,7.11,1.4,2,0.8,0.4,6.3,0.5,0.9,1,0.1,0.5,0.3,0,0.1,0.2,20.6,65.9,0.1,3,0
175,West Bromwich Albion,40036,Matt-Phillips,4,8,2,0,1.7,67.3,1.4,4,7.03,0.8,0.7,0.4,0,0.9,0.7,0.1,0,1.3,2,0.3,0.1,2.3,1.8,18,67.3,1.2,0.6,0
175,West Bromwich Albion,22079,Jonny-Evans,2,1,8,0,0.3,80.3,1.5,1,6.97,1.4,2.4,1,0.3,4.9,0.6,0.6,0,0.3,0.7,0.9,0,0.3,0.4,30.4,80.3,0.1,2.5,0
175,West Bromwich Albion,73063,Craig-Dawson,4,0,10,0,0.6,63.1,3.5,2,6.94,1.6,1.6,1.4,0.3,4,0.7,0.8,0,0.6,0.4,1,0.1,0.4,0.8,27.5,63.1,0.4,1.9,0
175,West Bromwich Albion,8507,Chris-Brunt,3,4,5,0,1.2,73.3,0.9,2,6.90,1.1,1.1,0.5,0.1,1.7,0.8,0.1,0,1.3,0.6,0.3,0.1,0.5,0.7,29.4,73.3,1.4,2.9,0.1
175,West Bromwich Albion,131523,Brendan-Galloway,0,0,0,0,0.7,76.3,1,0,6.83,2.3,2.3,2,0.7,2,1.3,0.3,0,0.3,1,1,0,0.7,2,19.7,76.3,0.3,1.3,0
175,West Bromwich Albion,91434,Allan-Roméo-Nyom,0,2,8,0,0.2,70.7,0.7,0,6.76,2.3,1.9,1.6,0.2,3.2,0.6,0.3,0,0.3,0.9,0.6,0.1,0.6,0.9,23,70.7,0.5,1.3,0
175,West Bromwich Albion,35691,Claudio-Yacob,0,0,9,0,0.3,82.4,1.4,0,6.73,2.8,1.6,1.2,0.1,1.8,1.4,0.5,0,0.2,0.1,1,0,0.4,0.5,28.3,82.4,0,1.5,0
175,West Bromwich Albion,34302,Nacer-Chadli,5,5,2,0,1.5,80.4,0.6,0,6.68,0.9,0.7,0.5,0,0.3,0.9,0.1,0,1.1,0.6,0.5,0.1,1.4,1.1,21.4,80.4,0.6,0.7,0.1
175,West Bromwich Albion,11530,Ben-Foster,0,0,2,0,0,40.2,0.2,1,6.65,0,0,0,0,0.6,0,0,0,0.1,0,0.1,0,0,0.1,29.4,40.2,0,9.4,0
175,West Bromwich Albion,25964,Salomón-Rondón,8,2,2,0,2.5,66.1,2.8,2,6.65,0.4,0.2,1.1,0,1.1,0.4,0.1,0,0.7,0.7,1.6,0.8,2.8,2.5,19,66.1,0,0.6,0.1
175,West Bromwich Albion,23446,Marc-Wilson,0,0,3,0,0.3,68,1.5,0,6.59,0.8,1.5,1.3,0.3,4.8,0,0.8,0,0.5,0.8,0.5,0,0.3,0.3,18.8,68,0.8,1.3,0
175,West Bromwich Albion,76050,James-McClean,1,2,9,0,0.7,71.3,0.9,0,6.54,1.6,0.5,0.9,0,0.6,1,0.1,0,0.6,0.6,0.5,0.2,0.9,0.6,10.2,71.3,0.7,0.1,0
175,West Bromwich Albion,10498,James-Morrison,5,2,3,0,0.7,80.8,0.3,0,6.52,0.8,0.7,0.6,0,0.4,0.8,0.1,0,0.7,0.5,0.5,0.1,1.1,1.1,24.6,80.8,0,1.3,0
175,West Bromwich Albion,5835,Darren-Fletcher,2,3,0,0,0.5,76.8,0.4,0,6.52,1.1,1.1,0.6,0.1,0.9,0.8,0.1,0,0.6,0.7,0.6,0,1.1,1.2,32.1,76.8,0.1,2.7,0.1
175,West Bromwich Albion,36849,Jake-Livermore,0,0,2,0,0.8,75.7,0.8,1,6.51,1.9,1.2,1,0,1.3,1,0.8,0,0.7,0.4,0.6,0,0.6,1.1,33.1,75.7,0,1.4,0.1
175,West Bromwich Albion,6695,Jonas-Olsson,0,0,3,0,0.4,63.4,2.1,0,6.46,0.6,1.6,1.7,0.4,5.4,0.6,1.1,0,0,0.4,0.9,0.3,0,0.1,23,63.4,0,2,0
175,West Bromwich Albion,8409,Rickie-Lambert,0,0,0,0,2,50,2,0,6.43,0,1,1,0,0,0,0,0,1,1,0,0,1,0,10,50,0,0,0
175,West Bromwich Albion,35371,Hal-Robson-Kanu,3,2,3,0,0.6,77.7,0.7,0,6.24,0.2,0.1,1,0,0.3,0.3,0,0,0.3,0.3,0.8,0.2,0.8,0.8,5.7,77.7,0.1,0.1,0
175,West Bromwich Albion,14038,Craig-Gardner,0,1,1,0,0.2,57.4,0.1,0,6.23,0.4,0.1,0.9,0,0.2,0.4,0,0,1.1,0.1,0.2,0,0.3,0.3,6.8,57.4,0.9,0.4,0
175,West Bromwich Albion,317243,Sam-Field,0,0,2,0,0.1,81,0.4,0,6.21,0.6,0.5,0.6,0,0.1,0.5,0,0,0.4,0.1,0.3,0,0.3,0.8,13.1,81,0.3,0.5,0
175,West Bromwich Albion,315290,Jonathan-Leko,0,1,0,0,0,81.3,0,0,6.16,0,0.2,0,0,0,0.2,0,0,0.2,0.8,0.6,0,0.2,0.7,1.8,81.3,0.2,0,0
175,West Bromwich Albion,94024,Saido-Berahino,0,0,1,0,1.5,78.9,0.5,0,6.07,0.5,0,2.3,0,0,0.5,0,0,0,0.3,1.3,0.5,2.3,2.3,9.5,78.9,0,0,0
29,West Ham,14058,Dimitri-Payet,2,6,2,0,3.1,80.7,0.2,5,7.53,0.5,0.3,0.4,0,0.3,0.8,0,0,4.1,2.6,1.9,0,1.4,1.7,42.4,80.7,2.8,2.4,0.2
29,West Ham,23383,Andy-Carroll,7,1,3,0,2.2,58.2,9.1,4,7.42,0.3,0.3,1.3,0,2.1,0.3,0.1,0,0.8,0.2,1.6,0.2,1.3,1.7,24.2,58.2,0.2,0.8,0
29,West Ham,69517,Michail-Antonio,9,3,4,1,2.7,73,2,3,7.25,1.1,1,1.1,0.2,1.3,0.7,0.1,0,1.1,2.6,1.7,0.7,1.9,2.4,22,73,0.8,1,0.1
29,West Ham,122980,Arthur-Masuaku,0,1,1,0,0.3,87.6,1.2,1,7.13,3.1,2,1.2,0.3,2.1,1.1,0.1,0,0.5,2.3,0.8,0,1.2,0.5,36,87.6,0.5,2.5,0
29,West Ham,89998,Manuel-Lanzini,8,2,9,0,2,87.3,0.1,3,7.11,1.3,1.3,0.6,0,0.3,1.1,0,0,1.6,2.5,1.1,0.2,1.1,1.7,45.2,87.3,0.6,1.3,0.1
29,West Ham,19277,Winston-Reid,2,2,8,1,0.4,80.8,1.9,0,7.08,1.1,2.7,1,0.6,8.1,0.6,0.8,0,0.3,0.3,1.2,0,0.1,0.2,32.8,80.8,0,3.5,0
29,West Ham,66741,Cheikhou-Kouyaté,1,0,3,0,0.7,83.4,2.5,1,7.04,2.5,2.5,1.4,0.2,3.6,0.7,0.2,0,0.3,0.8,1.2,0.1,0.6,1,34.5,83.4,0.1,1.4,0
29,West Ham,8148,James-Collins,2,0,3,0,0.5,78.4,2.7,1,6.87,1,1.7,0.3,0.4,6.7,0.6,0.8,0,0.2,0,0.3,0,0,0.1,26.4,78.4,0,2.3,0
29,West Ham,19859,José-Fonte,0,0,2,0,0.4,80.2,2.6,1,6.87,1.4,2.4,0.7,0.3,5.8,0.4,0.8,0,0.3,0.3,0.3,0,0,0.4,42.9,80.2,0.1,3.1,0
29,West Ham,70676,Pedro-Obiang,1,1,7,0,0.4,81.4,1,2,6.86,2.8,1.5,1.2,0,1.3,1.3,0.3,0,0.3,1,1.8,0,0.7,0.6,41.4,81.4,0,3.1,0.1
29,West Ham,23547,Angelo-Ogbonna,0,0,2,0,0.2,81.2,2.2,0,6.70,1.4,1.9,0.7,0.8,4.8,0.2,0.7,0,0.3,0.2,0.2,0,0.3,0.4,40.3,81.2,0.1,2.6,0
29,West Ham,73399,Adrián,0,0,1,0,0,49.4,0.1,0,6.66,0,0,0,0,0.6,0.2,0,0,0.1,0,0.2,0,0,0,26.1,49.4,0,8.1,0
29,West Ham,19782,Darren-Randolph,0,0,1,0,0,50.7,0.2,0,6.61,0,0,0,0,0.6,0,0,0,0,0,0.1,0,0,0,28.4,50.7,0,10.6,0
29,West Ham,34239,Sofiane-Feghouli,3,3,1,1,1,71.5,0.4,0,6.60,0.9,0.7,0.5,0,0.4,0.2,0,0,0.9,0.9,0.9,0,0.7,0.9,17.9,71.5,0.9,1.2,0
29,West Ham,30060,André-Ayew,6,3,1,0,1.4,79.1,0.8,1,6.58,0.7,0.4,0.6,0,0.4,0.4,0,0,0.6,0.5,1.1,0.2,0.9,0.9,17.2,79.1,0,0.3,0
29,West Ham,8247,Mark-Noble,3,0,10,0,0.8,86.1,0.1,0,6.58,1.6,1.3,0.9,0,0.4,1.4,0.2,0,0.8,0.5,1.4,0,0.8,0.7,47.8,86.1,0.1,4.2,0
29,West Ham,118303,Sam-Byram,0,1,5,1,0.4,69.9,1.3,0,6.55,1.3,2.3,1.2,0.1,3.3,0.8,0.2,0,0.4,0.2,0.7,0.1,0.4,0.6,24.2,69.9,0.2,1.1,0.1
29,West Ham,11104,Álvaro-Arbeloa,0,0,3,0,0.3,86.5,1.3,0,6.52,1.7,3,1.7,0.3,2.3,1,0.3,0,0.7,0,1,0,0.3,0,34.7,86.5,0.3,1,0
29,West Ham,21742,Håvard-Nordtveit,0,1,2,0,0.4,77.7,1.2,0,6.47,1.1,1.5,0.7,0.3,1.6,0.6,0.3,0,0.3,0.3,0.5,0,0.3,0.2,25.8,77.7,0.1,2.7,0
29,West Ham,68049,Aaron-Cresswell,0,2,2,1,0.4,75.5,1.4,1,6.46,0.8,1,0.4,0.1,2.3,0.6,0.2,0,0.7,0.3,0.3,0.2,0.7,0.5,29.2,75.5,0.7,2.2,0
29,West Ham,9767,Robert-Snodgrass,0,2,0,0,0.7,81.6,0.5,0,6.46,0.8,0.3,0.9,0,0.5,0.4,0.1,0,1.1,0.3,0.7,0.1,0.7,0.9,19.9,81.6,1,0.5,0
29,West Ham,83297,Diafra-Sakho,1,0,0,0,0.8,68.8,1.8,0,6.41,0.3,0,0.8,0,1,0.3,0,0,0.3,0.5,0.8,1.5,2,0.8,8,68.8,0.3,0,0
29,West Ham,71647,Simone-Zaza,0,0,2,0,2,69.5,2.5,0,6.38,0.6,0.4,1.4,0,0.3,0.5,0,0,1,0.4,0.8,0.6,0.8,1.5,13.1,69.5,0.1,0.3,0
29,West Ham,71015,Gökhan-Töre,0,1,0,0,1,71.4,0,0,6.33,0.8,0,0.8,0,0,0.8,0,0,1.2,0.6,0.2,0.2,0.6,0.6,11.2,71.4,0.8,0.2,0.2
29,West Ham,83895,Enner-Valencia,0,0,0,0,2.3,83.3,0.7,0,6.29,0.3,1.3,3,0,1,1.3,0,0,0,0,1,0.7,1.3,1.7,10,83.3,0,0.7,0
29,West Ham,130964,Edimilson-Fernandes,0,0,4,0,0.7,86.5,0.1,0,6.26,0.8,0.7,0.6,0,0.4,0.6,0.1,0,0.2,0.4,0.3,0,0.6,0.5,16.9,86.5,0.1,0.8,0
29,West Ham,133445,Jonathan-Calleri,1,0,0,0,1,59.7,0.6,0,6.25,0.3,0.3,0.6,0,0.2,0.8,0,0,0.4,0.4,0.5,0.6,1.3,1.2,7.4,59.7,0.3,0.3,0.1
29,West Ham,302206,Ashley-Fletcher,0,0,2,0,0.6,80.2,0.8,0,6.11,0.2,0,0.6,0,0.2,0.2,0,0,0.3,0.2,0.3,0.1,0.4,0.9,5.7,80.2,0.1,0.1,0
29,West Ham,332325,Declan-Rice,0,0,0,0,0,100,0,0,6.00,0,0,0,0,0,0,0,0,0,0,0,0,0,0,6,100,0,0,0
14,Leicester,327683,Wilfred-Ndidi,2,1,0,0,1.8,75.9,3.5,2,7.26,4,2.1,1.6,0.1,3.2,1.8,0.3,0,0.4,0.8,0.6,0.1,0.5,1,40.5,75.9,0,1.6,0
14,Leicester,12431,Christian-Fuchs,2,4,10,0,0.6,72.3,1.9,2,7.05,2.7,2,0.8,0.3,4,1.4,0.4,0,1.1,0.4,0.2,0,0.3,0.6,35.9,72.3,0.7,2.7,0
14,Leicester,104749,Riyad-Mahrez,6,3,4,0,2.1,77.6,0.6,2,6.91,1,0.8,0.7,0,0.4,1.5,0.1,0,1.4,2.2,1.8,0.2,1.7,1.8,29.6,77.6,0.7,1.4,0.1
14,Leicester,42147,Marc-Albrighton,2,6,5,0,0.6,63.7,0.2,1,6.85,1.5,1.1,0.6,0,0.9,1.5,0.1,0,1.4,1.5,0.6,0.1,0.8,1.2,26.5,63.7,1.3,1.7,0.1
14,Leicester,19545,Kasper-Schmeichel,0,0,1,0,0,39.9,0.4,1,6.84,0.1,0,0,0,0.9,0.1,0,0,0,0.1,0.1,0,0,0,29.6,39.9,0,10.3,0
14,Leicester,106981,Jamie-Vardy,13,5,2,1,1.5,62.5,2.6,3,6.83,0.4,0.2,0.7,0,0.3,0.3,0,0,0.9,0.5,0.8,0.7,0.7,1.7,15.1,62.5,0.2,0.3,0
14,Leicester,4145,Robert-Huth,2,2,9,0,0.8,71.4,2.8,0,6.81,0.8,1.3,1.4,0.6,6.7,0.2,1.1,2,0.2,0,0.5,0,0.1,0.2,21.3,71.4,0,1,0
14,Leicester,75138,Daniel-Drinkwater,1,1,6,0,1.1,77.4,1.3,0,6.78,2.9,1.3,1.6,0,1.8,1.6,0.4,0,0.5,0.7,0.3,0,1.2,1.2,60.2,77.4,0.1,3.7,0
14,Leicester,29574,Yohan-Benalouane,0,0,4,0,0.4,68.1,1.6,0,6.75,1.5,2.4,1.4,0.5,5.1,0.6,0.5,0,0.2,0.3,0.3,0,0.1,0.2,17.1,68.1,0,1.5,0
14,Leicester,23683,Danny-Simpson,0,2,12,0,0.1,69,1.5,0,6.72,1.4,1.9,1,0.3,4.1,0.4,0.3,0,0.3,0.2,0.3,0.1,0.1,0.4,31.2,69,0.3,1.8,0
14,Leicester,299272,Ben-Chilwell,1,0,2,0,0.6,68.8,2.3,0,6.69,1.9,1.9,0.6,0.1,1.3,1.1,0.3,0,0.2,0.9,1.3,0.1,0.3,0.7,25.1,68.8,0.1,1.2,0.2
14,Leicester,108055,Islam-Slimani,7,4,1,0,1.5,70.7,2.3,0,6.69,0.5,0.1,1.2,0,0.1,0.7,0.1,0,0.7,0.4,0.6,0.5,0.9,1.6,18.4,70.7,0,0.4,0
14,Leicester,8157,Wes-Morgan,1,0,3,0,0.5,67.7,2.4,0,6.66,1,2,0.7,0.7,5.2,0.3,0.9,0,0.1,0.1,0.3,0,0.1,0.3,24.2,67.7,0,1.2,0
14,Leicester,32018,Andy-King,1,0,4,0,0.6,79.2,1.1,1,6.61,1.7,1.2,0.8,0,1.4,0.9,0.5,0,0.3,0.2,0.7,0,0.4,0.7,28,79.2,0.1,1.4,0
14,Leicester,243552,Daniel-Amartey,1,1,3,0,0.6,80.9,1.4,0,6.51,1.7,1,1.3,0,1.4,1.3,0.3,0,0.6,0.1,0.4,0,0.5,0.8,32.7,80.9,0,1.6,0
14,Leicester,26222,Shinji-Okazaki,3,1,1,0,1,74.9,0.9,1,6.50,1,0.4,0.9,0,0.2,1.1,0.1,0,0.5,0.4,1.5,0.1,1,1.6,14.6,74.9,0,0.4,0.1
14,Leicester,136945,Demarai-Gray,1,3,2,0,0.9,74.8,0.2,0,6.45,0.6,0.3,0.3,0,0.3,0.2,0,0,0.6,1.2,0.5,0.1,0.6,0.8,10.9,74.8,0.5,0.5,0
14,Leicester,90278,Nampalys-Mendy,0,0,1,0,0,81.1,1,0,6.38,0.5,1.3,1,0,0.5,1.3,0.3,0,0.5,1,2,0,1.3,0.3,23.8,81.1,0,1,0
14,Leicester,294139,Luis-Hernández,0,0,1,0,0,79.4,1,0,6.37,1.8,2.3,1.3,0,2.5,1,0,0,1,0,0.3,0,0.5,1,38.8,79.4,1,1.3,0
14,Leicester,19847,Leonardo-Ulloa,1,0,0,0,0.7,69.1,3,0,6.34,0.7,0.2,1.3,0,0.5,0.6,0,0,0.1,0.2,0.3,0.3,1,1.5,14.6,69.1,0,0.1,0
14,Leicester,14621,Marcin-Wasilewski,0,0,0,0,0,69.6,2,0,6.32,2,2,0,1,2,0,0,0,0,0,0,0,0,0,23,69.6,0,2,0
14,Leicester,93577,Ahmed-Musa,2,0,1,0,0.8,68.2,0.5,0,6.32,0.6,0.4,0.6,0,0.1,0.3,0,0,0.3,0.7,0.6,0,0.6,1.1,10.2,68.2,0.2,0.2,0
14,Leicester,91822,Jeffrey-Schlupp,0,0,0,0,0,88,1,0,6.24,1.3,0,0,0,0.5,0.5,0,0,0.5,0.5,0.5,0,1.3,1.5,12.5,88,0,0.3,0
14,Leicester,67300,Ron-Robert-Zieler,0,0,0,0,0,36.4,0.1,0,6.22,0,0,0,0,1.1,0,0,0,0,0,0,0,0,0,29.9,36.4,0,7.8,0
14,Leicester,75198,Matty-James,0,0,0,0,0,0,0,0,6.00,0,0,0,0,0,0,0,0,0,0,0,0,0,0,0,0,0,0,0
96,Stoke,38772,Geoff-Cameron,0,1,1,0,0.6,74.5,2.9,1,7.11,2.5,1.7,0.9,0.1,2.5,0.9,0.7,0,0.5,1.4,0.9,0.1,0.9,1.1,41.4,74.5,0.2,2.4,0
96,Stoke,76304,Xherdan-Shaqiri,4,2,2,0,2.3,78.7,0.1,1,6.96,0.5,0.4,0.8,0,0.1,0.9,0,0,2,1.8,1.3,0.2,2.1,2.7,29,78.7,1.7,1.8,0.3
96,Stoke,23444,Joe-Allen,6,2,9,0,1.1,81.3,0.6,2,6.95,2.4,1.8,0.8,0.1,0.9,1.1,0.2,0,0.8,1,1.6,0,1.8,2,35.7,81.3,0.4,1.3,0.1
96,Stoke,75177,Marc-Muniesa,1,0,2,0,0.6,78.2,1.1,1,6.94,2.1,2.3,0.9,0.5,3.1,1,0.5,0,0.4,0.4,0.6,0,0.2,0.5,30.8,78.2,0.1,1,0
96,Stoke,3807,Peter-Crouch,7,2,3,0,1.4,59.1,6.3,2,6.93,0.1,0.1,1,0,1,0.3,0.1,0,0.6,0.3,0.7,0.3,1.3,1.6,18.4,59.1,0,0.3,0
96,Stoke,29798,Ryan-Shawcross,1,1,6,0,0.6,71.3,3.7,1,6.90,1.3,1.7,1,0.6,6.5,0.4,0.9,2,0.1,0.3,0.6,0.1,0.1,0.1,28.4,71.3,0,2.7,0
96,Stoke,8195,Lee-Grant,0,0,1,0,0,57.7,0.4,2,6.89,0,0,0,0,1.2,0,0,0,0,0,0.1,0,0,0,31.5,57.7,0,12.1,0
96,Stoke,24148,Erik-Pieters,0,1,4,0,0.3,75.8,1.5,0,6.88,2.9,1.5,1.7,0.2,3.1,0.9,0.6,0,0.5,0.4,1.6,0,0.6,0.7,37,75.8,0.6,1.6,0
96,Stoke,90810,Bruno-Martins-Indi,1,0,5,0,0.5,86.7,1.7,2,6.85,1.7,1.7,0.7,0.6,6,0.5,0.6,0,0.1,0.2,0.3,0.1,0.1,0.2,31.9,86.7,0,2,0
96,Stoke,34693,Marko-Arnautovic,6,5,9,1,1.9,75.4,0.4,1,6.84,1,0.8,1.3,0,0.6,1.1,0.1,0,1.6,1.9,1,1,1.3,2.5,26.9,75.4,0.9,0.6,0.1
96,Stoke,107395,Jack-Butland,0,0,0,0,0,56.4,0.4,0,6.82,0,0,0,0,0.6,0,0,0,0,0.2,0.2,0,0,0.4,28,56.4,0,11.2,0
96,Stoke,4574,Glen-Johnson,0,0,1,0,0.3,79,0.9,0,6.79,2.1,1.7,0.5,0.4,2.8,1.1,0.5,0,0.5,1.2,0.8,0,0.7,1.3,32.1,79,0.3,2.5,0
96,Stoke,8327,Charlie-Adam,1,3,7,0,1.7,68.9,1.4,0,6.70,0.8,0.9,1.7,0,1,1.1,0.3,0,1.2,0.5,1.1,0,0.8,0.9,36.2,68.9,1.1,4,0.1
96,Stoke,86173,Philipp-Wollscheid,0,0,1,0,0.5,78.8,3,0,6.65,2,2,0.5,1,4,0.5,0.5,0,0,0.5,1,0.5,0.5,0.5,49.5,78.8,0,3.5,0
96,Stoke,3860,Jonathan-Walters,4,2,1,0,1.1,57.1,2.9,0,6.64,0.3,0.2,0.6,0,1.1,0.2,0.2,0,0.5,0.3,1,0.5,1,1,14.4,57.1,0.3,0.2,0
96,Stoke,26013,Mame-Biram-Diouf,1,2,3,0,0.7,64.2,3,0,6.63,1.3,0.7,1,0,1.4,0.4,0.1,0,0.4,0.6,0.9,0.4,0.7,1.1,13.4,64.2,0.2,0.4,0
96,Stoke,42705,Wilfried-Bony,2,0,1,0,2.1,67.5,2.4,1,6.61,0.4,0.3,1.1,0,1,0.2,0.1,0,0.7,0.9,1.2,0.2,2.2,2.7,21.2,67.5,0,0.1,0
96,Stoke,8505,Glenn-Whelan,0,1,5,0,0.2,84.5,0.9,0,6.60,1.5,1.2,0.6,0.1,1.5,1.3,0.7,1,0.7,0.3,0.7,0,0.6,0.7,47,84.5,0.3,3.7,0
96,Stoke,31402,Bojan,3,0,1,0,1.1,83.5,0.1,0,6.57,0.9,0.3,0.4,0,0.6,1.2,0.1,0,0.4,0.9,1.1,0,0.8,1.3,20.9,83.5,0.3,1.1,0.1
96,Stoke,18181,Phil-Bardsley,0,0,4,1,0.7,73,0.5,0,6.57,2.1,1.8,1.7,0.3,1.8,0.7,0.4,0,0.6,0.2,1.1,0,0.3,0.5,26.5,73,0.5,2,0
96,Stoke,260289,Ramadan-Sobhi,0,1,2,0,0.2,78.9,0.2,0,6.48,1.3,0.5,0.6,0,0,1.1,0.1,0,0.5,1.5,0.5,0.2,1.2,1.1,17.6,78.9,0.1,0.2,0.1
96,Stoke,1034,Shay-Given,0,0,1,0,0,64.4,0.4,1,6.44,0,0,0,0,0.6,0.4,0,1,0,0,0.2,0,0,0,26.4,64.4,0,10.8,0
96,Stoke,81959,Giannelli-Imbula,0,0,1,0,0.8,86.7,0.5,0,6.40,0.9,0.3,0.3,0.1,0.8,0.8,0,1,0.4,1.8,1,0,1.1,0.9,32,86.7,0.2,0.8,0
96,Stoke,12480,Ibrahim-Afellay,0,0,0,0,0.5,88.9,0.1,0,6.22,0.3,0.3,0.3,0,0.1,0.2,0,0,0.1,0.8,0.6,0.2,0.7,0.3,15.8,88.9,0.2,0.3,0
96,Stoke,94024,Saido-Berahino,0,0,0,0,1,80,0.2,0,6.22,0.5,0.1,0.8,0,0.2,0.5,0.1,0,0.4,0.7,0.1,0.5,0.5,1.4,10,80,0,0.2,0.1
96,Stoke,323564,Julien-Ngoy,0,0,0,0,0.4,100,0,0,6.09,0.4,0,0,0,0,0.4,0,0,0.2,0.6,0.2,0,0.6,0.6,2.2,100,0,0,0
162,Crystal Palace,85059,Wilfried-Zaha,7,9,8,0,1.4,79.9,0.4,4,7.38,2.1,1,1.6,0,0.3,1.2,0,0,1.1,4.1,3.5,0.2,3.7,3.3,19.9,79.9,0.7,0.5,0.1
162,Crystal Palace,68312,Christian-Benteke,15,2,10,0,2.9,59.6,9,7,7.36,0.3,0.2,2.3,0,1.3,0.4,0,0,0.9,0.8,1.3,1,1.8,2.6,25.6,59.6,0,0.5,0
162,Crystal Palace,13727,Mile-Jedinak,0,0,0,0,0,70.6,5,0,7.20,6,1,4,0,0,0,0,0,2,0,2,0,0,0,68,70.6,1,3,0
162,Crystal Palace,29575,Mamadou-Sakho,0,0,0,0,0.3,82.7,2.4,0,7.07,0.4,1.8,0.1,0,6,0.5,0.4,0,0.5,0.4,0.4,0,0.4,0.9,28.1,82.7,0.1,1.5,0
162,Crystal Palace,71522,Andros-Townsend,3,4,4,0,1.6,75.2,0.1,4,7.06,2.1,1.2,0.5,0,0.5,1.5,0.1,0,1.4,1.9,1,0.1,2.2,1.7,19,75.2,1.6,0.4,0
162,Crystal Palace,70493,Luka-Milivojevic,2,0,4,0,1,72.9,1.9,0,6.94,2.1,2.8,1.9,0,1.7,1.4,0.4,0,0.4,0.5,1.1,0,0.4,0.6,35,72.9,0.1,2.7,0.1
162,Crystal Palace,9156,Jason-Puncheon,0,5,9,0,1.3,81.2,0.7,1,6.90,2.1,1,1.7,0,1,1,0.2,0,1.7,1.1,1,0,1.5,1.5,40.7,81.2,1.3,2.2,0
162,Crystal Palace,43105,Joel-Ward,0,1,7,0,0.4,73.6,1.6,2,6.82,2.3,1.6,1,0.2,3.5,0.5,0.3,0,0.3,0.5,1.4,0,0.9,1,34.1,73.6,0.4,2.4,0
162,Crystal Palace,91822,Jeffrey-Schlupp,0,0,0,0,0.2,69.5,1.3,0,6.80,2,1.7,0.3,0.3,3.1,0.8,0.3,0,0.3,0.9,0.6,0,0.5,0.9,19.9,69.5,0.1,1.7,0
162,Crystal Palace,12376,Yohan-Cabaye,4,3,7,0,1.3,80.3,0.3,0,6.78,1.9,2.2,1,0,0.7,1.9,0.2,0,1.1,0.4,0.7,0.1,0.6,0.7,30.7,80.3,0.9,1.8,0
162,Crystal Palace,33930,James-Tomkins,3,0,4,0,0.6,76.9,2.4,0,6.76,1.2,1.5,0.5,0.3,5.2,0.7,0.5,0,0.1,0.1,0.4,0,0.1,0.3,30.3,76.9,0.1,3.2,0
162,Crystal Palace,12124,Scott-Dann,3,1,2,0,0.9,74,3,0,6.75,0.7,1.3,0.6,0.5,4.4,0.3,0.8,0,0.3,0.1,0.6,0,0.1,0.1,26.3,74,0,2.7,0
162,Crystal Palace,79970,Pape-Souaré,0,0,0,0,0.7,71.1,0,0,6.74,1.7,3.3,0.3,0.3,4,0,0.7,0,0.7,0.3,1.3,0,0.3,1.3,32.3,71.1,0.7,2,0
162,Crystal Palace,20339,James-McArthur,5,3,5,0,0.8,78.5,1.1,0,6.67,2.1,0.9,1.4,0,0.8,0.9,0.2,0,0.6,0.6,0.9,0.1,1.7,1,29.3,78.5,0.3,1.4,0
162,Crystal Palace,21571,Wayne-Hennessey,0,0,1,0,0,47.2,0.2,0,6.65,0,0,0,0,0.5,0,0,0,0.1,0,0.1,0,0,0,27.9,47.2,0,10.6,0
162,Crystal Palace,78221,Patrick-van-Aanholt,2,0,1,0,0.9,83.1,0.5,1,6.64,0.6,1.4,0.3,0.3,1.5,0.4,0.2,0,0.5,0.7,0.1,0,0.5,0.5,27.5,83.1,0.7,2.2,0
162,Crystal Palace,8466,Damien-Delaney,0,2,8,0,0.2,71.5,1.9,0,6.55,0.8,1.2,0.9,0.2,5,0.3,0.7,0,0.2,0,0.4,0,0.1,0.2,29.6,71.5,0.1,3.6,0
162,Crystal Palace,73382,Connor-Wickham,2,0,1,0,1.3,72.4,2,0,6.52,0.5,0.3,1.5,0.1,1.3,0.8,0.1,0,0,0.5,0.6,0.1,1,0.6,12.3,72.4,0.3,0.3,0
162,Crystal Palace,44687,Martin-Kelly,0,2,4,0,0.1,69.6,1.9,0,6.49,1.6,0.9,0.7,0.3,4.6,0.8,0.6,0,0.3,0.1,0.3,0,0.1,0.6,21.5,69.6,0.2,1.6,0
162,Crystal Palace,11020,Joe-Ledley,1,0,1,0,0.2,83.2,0.7,0,6.42,1.4,1.6,0.4,0.1,1.4,0.7,0.2,0,0.3,0.3,0.6,0,0.5,0.4,31.5,83.2,0.1,1.1,0
162,Crystal Palace,42915,Chung-Yong-Lee,0,1,0,0,0.3,80.4,0.3,0,6.27,1,0.3,0.3,0.1,0.1,0.7,0,0,0.5,0.4,0.7,0,0.4,0.3,13.3,80.4,0.4,0.8,0
162,Crystal Palace,29545,Steve-Mandanda,0,0,0,0,0,59.2,0.2,0,6.26,0,0,0,0,0.6,0,0,0,0,0.1,0.1,0,0.1,0,29.1,59.2,0,9.7,0
162,Crystal Palace,326414,Jonathan-Benteke,0,0,0,0,1,25,1,0,6.24,0,0,0,0,1,0,0,0,0,0,0,0,0,1,4,25,0,0,0
162,Crystal Palace,34974,Bakary-Sako,0,0,0,0,0.6,69,0.4,0,6.23,0.9,0,0.3,0,0,0.1,0,0,0.1,0.3,0.7,0.1,0.3,0.4,6,69,0.6,0.3,0
162,Crystal Palace,107942,Ezekiel-Fryers,0,1,0,0,0,71.4,0,0,6.23,0.3,0.1,0.5,0,0.6,0.3,0.1,0,0.3,0.1,0.3,0,0.4,0.3,8.8,71.4,0.4,0.6,0
162,Crystal Palace,23054,Loïc-Rémy,0,0,0,0,1.2,80,0.4,0,6.20,0,0,0.4,0,0,0,0,0,0.4,1,0.2,0.2,0.2,2,9,80,0,0,0
162,Crystal Palace,29299,Fraizer-Campbell,1,0,0,0,0.3,78.3,0.3,0,6.13,0.3,0,0.2,0,0.2,0.2,0,0,0.1,0.1,0.3,0,0.3,0.3,3.8,78.3,0.1,0.1,0
162,Crystal Palace,43742,Jordon-Mutch,0,0,0,0,0,65.9,0.8,0,6.12,0.5,0,0,0,0.3,0,0.3,0,0.3,0,0.3,0,0,0.3,10.3,65.9,0,0.3,0
162,Crystal Palace,6321,Mathieu-Flamini,0,0,0,0,0.1,78.6,0.1,0,6.08,0.2,0.5,0.1,0,0.7,0.1,0.1,0,0.1,0,0,0,0.1,0.2,11.2,78.6,0,0.3,0
162,Crystal Palace,260451,Sullay-Kaikai,0,0,0,0,0,70,0,0,5.98,1,0,0,0,0,0,0,0,0,0,0,0,2,0,10,70,0,0,0
162,Crystal Palace,69844,Yannick-Bolasie,0,0,1,0,0,88.9,0,0,5.96,0,0,1,0,0,1,0,0,0,2,0,0,2,2,9,88.9,0,0,0
259,Swansea,69346,Gylfi-Sigurdsson,9,13,2,0,3.1,77,0.2,4,7.25,1.2,0.9,0.5,0,0.6,0.8,0.1,0,2.1,0.8,0.9,0,1.1,2.1,27.4,77,2.3,0.9,0.1
259,Swansea,135727,Alfie-Mawson,4,0,1,0,0.9,82.9,3.1,2,6.99,1,1.1,0.4,0.6,6.2,0.6,1,2,0.1,0.7,0.7,0,0.1,0.3,45.1,82.9,0,6,0
259,Swansea,13361,Fernando-Llorente,15,1,2,0,1.6,66.4,4.7,4,6.98,0.5,0.1,1.5,0,1.1,0.5,0.1,0,0.8,0.3,0.9,0.4,1.6,1.9,27.3,66.4,0.1,0.5,0
259,Swansea,34131,Kyle-Naughton,1,0,5,0,0.6,77.4,2.1,1,6.93,2.5,1.3,0.8,0.3,3.7,1.5,0.5,1,0.7,0.8,0.7,0,1,0.6,44.9,77.4,0.7,2.9,0
259,Swansea,44847,Federico-Fernández,0,2,7,0,0.6,81.7,2.6,0,6.85,1.6,1.8,1,1,6.9,0.9,0.7,0,0.1,0.1,0.6,0,0.1,0.2,42,81.7,0,3.7,0
259,Swansea,35174,Leroy-Fer,6,2,9,0,1.1,82.2,2.2,1,6.84,1.6,0.7,1.4,0,1.4,1,0.2,0,0.5,1.1,1.5,0,1.4,0.9,36.1,82.2,0.1,2.8,0.1
259,Swansea,90907,Tom-Carroll,1,2,1,0,0.5,81.4,0.3,1,6.76,1.8,1.2,0.8,0,0.5,1.1,0.2,0,0.9,0.7,0.5,0,1.3,1.1,46.8,81.4,0.7,3.2,0
259,Swansea,33748,Martin-Olsson,2,0,2,0,0.6,77.4,1.4,0,6.75,0.7,0.7,0.8,0.5,3.3,0.2,0.3,0,0.5,0.6,1.6,0,0.8,0.6,33.1,77.4,0.8,2.3,0
259,Swansea,20973,Lukasz-Fabianski,0,0,1,0,0,59.5,0.4,2,6.70,0.1,0,0,0,0.5,0.1,0,0,0,0,0.1,0,0,0,25.1,59.5,0,9,0
259,Swansea,67491,Jordan-Ayew,1,3,1,0,0.9,83.8,0.5,0,6.67,1,0.5,1.3,0,0.4,0.8,0,0,0.4,1.5,1.6,0.4,2.4,2.2,17.1,83.8,0.4,0.3,0
259,Swansea,22847,Jack-Cork,0,0,7,0,0.6,83.5,1.2,0,6.60,2,1.9,0.8,0,1.6,1.5,0.3,2,0.4,0.8,1.1,0,1.3,0.9,42.9,83.5,0.1,2.5,0
259,Swansea,29820,Angel-Rangel,1,0,1,0,0.3,84.9,0.7,0,6.58,1.8,1.4,0.6,0.2,1.7,0.6,0.1,0,0.4,0.2,0.4,0.1,0.1,0.4,30.2,84.9,0.2,2.1,0.1
259,Swansea,83357,Jordi-Amat,0,0,5,0,0.4,85.7,1.4,0,6.58,2.1,1.7,1.5,0.8,6.4,0.6,0.9,0,0.1,0.3,0.3,0,0.1,0.1,38.7,85.7,0,4.1,0
259,Swansea,248351,Modou-Barrow,0,2,1,0,0.8,75.3,0.3,0,6.56,1.3,0.3,0.8,0,0.4,0.8,0,0,1.2,1.3,2,0.6,1.5,1.7,16.6,75.3,1,0.1,0
259,Swansea,145999,Jay-Fulton,0,0,2,0,0.3,82.1,1.5,0,6.56,2.8,0.6,1,0,1.4,0.9,0.4,0,0.3,0.1,1,0,0.8,0.5,29.5,82.1,0,1.3,0.1
259,Swansea,101605,Mike-van-der-Hoorn,1,0,1,0,0.5,77.2,3,1,6.55,1.1,2.3,1.5,0.5,6.9,1.1,0.9,0,0,0,1.1,0,0.1,0.1,40.6,77.2,0,5.1,0
259,Swansea,31558,Neil-Taylor,0,0,1,0,0.4,73.1,0.6,0,6.45,2,2.3,1.2,0.3,1.8,0.9,0.3,0,0.2,0.3,0.4,0,0.6,0.8,32.8,73.1,0.8,0.7,0
259,Swansea,8730,Leon-Britton,0,0,3,0,0,89.4,0.4,0,6.43,1.4,1.3,0.4,0,1.2,1.1,0.3,0,0.1,0.4,0.6,0,0.6,0.3,45.3,89.4,0,1.3,0
259,Swansea,28416,Jefferson-Montero,0,1,0,0,0.3,64.9,0.1,0,6.42,0.5,0.1,0.1,0,0.2,0.4,0,0,0.8,1.6,0.7,0.2,0.8,0.5,7.2,64.9,0.7,0.2,0
259,Swansea,4759,Wayne-Routledge,3,1,1,0,0.7,64.8,0.4,0,6.40,0.8,0.5,1,0,0.7,0.8,0,0,0.9,0.9,0.5,0.3,1.4,1.9,20.7,64.8,0.9,0.8,0
259,Swansea,42916,Ki-Sung-yueng,0,1,3,0,0.4,89.5,0.3,0,6.36,1.1,0.9,0.8,0,0.8,0.4,0.1,0,0.5,0.3,0.9,0,0.7,0.4,29.8,89.5,0.1,2.2,0
259,Swansea,100718,Stephen-Kingsley,0,0,0,0,0.3,77.6,0.5,0,6.35,0.9,0.6,0.2,0.1,1.8,0.2,0.3,0,0.3,0.5,0.5,0,0.4,0.5,33.4,77.6,0.8,1.5,0
259,Swansea,69525,Luciano-Narsingh,0,3,0,0,0.2,87.8,0.2,0,6.33,0.2,0.2,0.2,0,0.1,0.5,0,0,0.5,0.9,0.7,0.1,0.6,0.7,9.5,87.8,0.2,0.1,0
259,Swansea,26236,Kristoffer-Nordfeldt,0,0,0,0,0,81.8,1,0,6.29,0,0,0,0,0,0,0,0,0,0,1,0,0,0,22,81.8,0,3,0
259,Swansea,13814,Nathan-Dyer,0,1,0,0,0.4,87.3,0.1,0,6.15,0.4,0.4,0.5,0,0.1,0.4,0,0,0.4,0.6,0.9,0,1,0.6,12.8,87.3,0.3,0.1,0
259,Swansea,106872,Borja-Bastón,1,0,0,0,0.8,79.6,0.4,0,6.11,0.3,0.2,0.2,0,0.3,0.8,0.1,0,0.3,0.2,0.5,0.2,0.8,0.8,10.1,79.6,0.1,0.1,0
259,Swansea,138695,Oliver-McBurnie,0,0,0,0,0.4,78.8,0.6,0,6.01,0.2,0,0.2,0,0,0.4,0,0,0.4,0,0,0,0.4,0,6.6,78.8,0.2,0.2,0
184,Burnley,94935,Ben-Mee,1,0,5,0,0.5,73.3,3.7,2,7.14,1.4,2.1,0.7,0.4,8.8,0.5,1.4,2,0.2,0,0.8,0,0.1,0.2,33.6,73.3,0,4.1,0
184,Burnley,107941,Michael-Keane,2,1,4,0,0.7,72.8,4.3,2,7.13,0.8,1.8,0.4,0.7,7.4,0.3,1.3,0,0.2,0.1,0.3,0,0.2,0.3,32.2,72.8,0,3.6,0
184,Burnley,80067,Matthew-Lowton,0,2,9,0,0.2,66.7,1.5,1,7.02,2.8,1.8,0.9,0.2,4.9,1.1,0.8,0,0.8,0.7,0.6,0,0.4,0.8,30.2,66.7,0.7,3.2,0
184,Burnley,4835,Joey-Barton,1,0,4,0,0.9,73.1,2.1,0,6.90,3.1,1.4,1.4,0,1.4,1.9,0.2,0,0.6,0.4,1.2,0,1.1,0.7,41.1,73.1,0.2,3.6,0.1
184,Burnley,17708,Tom-Heaton,0,0,1,0,0,41,0.2,2,6.88,0,0,0,0,0.4,0,0,0,0.1,0,0,0,0,0,32.2,41,0,10.8,0
184,Burnley,15764,Stephen-Ward,1,1,5,0,0.2,68.5,1.7,0,6.88,1.9,2,0.9,0.1,4.2,0.8,0.4,0,0.6,0.4,1.5,0,0.5,0.6,30.5,68.5,0.7,3,0
184,Burnley,13938,Sam-Vokes,10,3,0,0,1.5,50.4,5.7,4,6.84,0.2,0.1,0.6,0,0.8,0.3,0.2,0,0.4,0.2,0.8,0.6,0.9,1.1,16.2,50.4,0,0.2,0
184,Burnley,94030,Jon-Flanagan,0,0,2,0,0,68.4,0.5,0,6.81,3.8,2.3,1.5,0.8,3.8,2.2,0,0,0.2,0,0.3,0,0.7,0.5,22.7,68.4,0,1.8,0
184,Burnley,19155,Steven-Defour,1,3,1,0,0.4,80.2,0,2,6.77,0.9,1.5,0.7,0,0.5,1,0.2,0,1.1,0.7,0.4,0.1,0.4,0.8,24.8,80.2,1.1,2.1,0
184,Burnley,93473,Robbie-Brady,1,2,1,0,1.4,68,0.6,0,6.77,1.5,0.8,0.6,0.1,0.5,1,0.1,0,1.2,0.5,1.1,0,1.1,0.9,15.9,68,1.5,1.4,0
184,Burnley,74606,Kevin-Long,0,0,0,0,0.3,69.4,2.7,0,6.67,1.3,1.3,0.3,1,5,0.3,1.3,0,0,0.3,0.7,0,0.3,0,36,69.4,0,3.7,0
184,Burnley,33386,Ashley-Barnes,6,2,6,1,1.6,55,3.6,0,6.62,0.8,0.1,1.9,0,0.9,0.5,0.3,0,0.8,0.2,2.7,0.8,1.6,2.1,16,55,0,0.3,0.1
184,Burnley,13056,George-Boyd,2,1,3,0,1,73.1,0.6,0,6.60,2.4,0.9,0.9,0,1,1.6,0.2,0,0.4,0.5,0.8,0.2,0.9,1.3,15.3,73.1,0.2,0.4,0
184,Burnley,41868,Johann-Gudmundsson,1,2,1,0,0.9,69.6,0.7,0,6.59,1,0.9,0.2,0,1,0.5,0.2,0,0.8,0.3,0.5,0.1,0.6,0.6,14.8,69.6,1.1,0.8,0
184,Burnley,5566,Dean-Marney,1,2,7,0,0.6,80.3,0.6,0,6.57,1.7,1.3,1.7,0,1.4,1.6,0.8,0,0.2,0.1,1,0,0.3,0.7,34.8,80.3,0,3.3,0
184,Burnley,21686,Scott-Arfield,1,0,3,0,1.4,68.8,0.7,0,6.55,1.2,1.1,1.2,0,0.9,1.6,0.2,0,1.1,0.5,0.5,0.1,0.9,1.1,20,68.8,1,0.7,0
184,Burnley,3874,Paul-Robinson,0,0,0,0,0,41.2,0,0,6.52,0,0,0,0,0.7,0,0,0,0,0,0.3,0,0,0,34,41.2,0,13.3,0
184,Burnley,86454,Jeff-Hendrick,2,1,6,1,1,77.7,1.1,1,6.49,1,1.2,1.3,0,1,1.1,0.3,0,0.4,0.7,1.2,0.1,0.8,1.2,31.4,77.7,0.1,2.1,0
184,Burnley,131487,Andre-Gray,9,3,2,0,1.5,71.8,0.1,1,6.42,0.3,0.1,0.5,0,0,0.3,0,0,0.6,0.7,0.5,1.1,1.8,2.3,11.6,71.8,0.2,0.2,0
184,Burnley,131464,James-Tarkowski,0,0,1,0,0.3,68.1,1.4,0,6.39,1,0.6,0.5,0.2,1.9,0.4,0.4,0,0.2,0.2,0.5,0.1,0.1,0.2,13.8,68.1,0,1.3,0
184,Burnley,79050,Ashley-Westwood,0,0,3,0,0.2,78.2,0.6,0,6.29,0.8,0.7,0.9,0,1.3,0.9,0.4,0,0.6,0,0.1,0,0.2,0.3,28.6,78.2,0,1.4,0
184,Burnley,9794,Michael-Kightly,0,0,0,0,0.2,67.9,0.2,0,6.12,0.8,0,0.4,0,0.4,0.6,0,0,0,0,0.4,0,0.2,0.2,5.6,67.9,0.2,0.2,0
184,Burnley,323097,Aiden-O-Neill,0,0,0,0,0.3,80.4,0.3,0,6.07,0.7,0,0.3,0,0.3,1.3,0.3,0,0,0,0,0,0,0,17,80.4,0,0.7,0
184,Burnley,275887,Daniel-Agyei,0,0,0,0,0.7,25,0.7,0,6.07,0,0.3,0.3,0,0,0,0,0,0,0.3,0.3,0,0.3,1,1.3,25,0,0,0
184,Burnley,14013,Lukas-Jutkiewicz,0,0,0,0,0,71.4,0.5,0,6.03,0,0,0.5,0,0,0,0,0,0,0,0,0,0,0,3.5,71.4,0,0.5,0
184,Burnley,12713,David-Jones,0,0,1,0,0,75.7,2,0,6.02,0,1,1,0,0,0,0,0,0,0,0,0,0,0,37,75.7,1,0,0
184,Burnley,109670,Patrick-Bamford,0,0,0,0,0.2,84.6,0,0,5.98,0,0,0.5,0,0,0.2,0,0,0,0,0.3,0.2,0,0.2,2.2,84.6,0,0,0
27,Watford,21499,José-Holebas,2,4,14,0,0.8,74.9,1.4,1,6.93,1.8,1.7,1.3,0.2,3.5,0.7,0.3,0,1.1,1.3,0.7,0,1.2,1.1,35.1,74.9,1,1.4,0
27,Watford,14805,Younes-Kaboul,2,0,2,0,0.5,68.3,2.8,1,6.89,1.6,2.1,0.9,0.7,5.6,0.8,0.6,0,0.1,0.4,0.2,0,0.5,0.5,31.1,68.3,0,3.6,0
27,Watford,33590,Etienne-Capoue,7,1,5,0,1.4,82.9,0.9,2,6.85,1.6,1.6,1.4,0,0.7,1.2,0.2,0,1,0.9,1.2,0,1,1.1,40.1,82.9,0.9,2.4,0
27,Watford,13805,Adrian-Mariappa,0,0,0,0,0.3,82.4,3.4,0,6.85,2.4,2.1,0.6,0.7,7.3,0.7,0.9,0,0.1,0.1,0.4,0.3,0.1,0.3,34.9,82.4,0,2.4,0
27,Watford,25832,Troy-Deeney,10,4,7,0,1.1,58.5,5.2,2,6.84,0.5,0.4,1.2,0,1.4,0.3,0.1,1,1.1,0.4,0.7,0.5,1,1.8,22.7,58.5,0.1,0.4,0
27,Watford,10133,Heurelho-Gomes,0,0,1,0,0,48.8,0.3,0,6.79,0,0.1,0,0,1.5,0,0,1,0,0,0.1,0,0,0.1,27.2,48.8,0,8.1,0
27,Watford,43948,Costel-Pantilimon,0,0,0,0,0,45.5,0,0,6.77,0,0,0,0,0,0,0,0,0,0,0,0,0,0,16.5,45.5,0,5,0
27,Watford,36096,Miguel-Britos,1,2,6,2,0.7,68.7,3.2,1,6.75,1.3,1.8,1.3,0.6,5.3,0.8,0.7,0,0.3,0.1,0.9,0.1,0.2,0.2,38,68.7,0.1,3.5,0
27,Watford,14524,Mauro-Zárate,0,0,0,0,2.7,89.6,0.7,0,6.75,0,0.3,0.3,0,0,1.7,0,0,1.3,1.7,2.3,0,3,2,22.3,89.6,0.3,0.3,0
27,Watford,58761,M-Baye-Niang,2,2,2,0,2,81,0.9,2,6.75,0.7,0.7,1.5,0,0.6,1,0.1,0,0.6,1.9,1.9,0.3,1.1,2.6,25.3,81,0.4,1.1,0.1
27,Watford,22932,Nordin-Amrabat,0,3,4,0,1,75.3,0.1,1,6.64,1.6,0.8,1.6,0,0.4,1.1,0.1,0,1,2.1,1.2,0.1,1.9,1.2,23.3,75.3,0.9,1.1,0
27,Watford,14255,Stefano-Okaka,4,0,5,0,1.4,67,2.1,1,6.63,0.6,0.1,1.6,0,0.5,0.4,0.1,0,0.7,1.2,1.2,0.6,1.4,2.3,12.1,67,0,0.4,0.1
27,Watford,27349,Sebastian-Prödl,1,1,10,1,0.7,76.4,1.9,0,6.62,1.1,1.6,1.3,0.7,5.5,0.3,1,0,0.3,0.1,0.7,0,0,0.2,32.4,76.4,0,3.4,0
27,Watford,25241,Craig-Cathcart,0,1,3,0,0.2,75.5,1.5,0,6.62,1.5,1.2,0.9,0.5,3.5,0.5,0.9,0,0.3,0.1,0.1,0,0,0.2,24.3,75.5,0.1,2.3,0
27,Watford,90000,Roberto-Pereyra,2,2,2,1,0.7,83.6,0.2,1,6.62,0.6,0.6,0.6,0,0.2,0.8,0,0,1.2,0.9,1.4,0.2,1.8,1.6,32.3,83.6,0.8,1.6,0
27,Watford,69956,Tom-Cleverley,0,2,3,0,0.5,82.9,0.1,0,6.60,1.9,1.2,0.9,0.1,0.9,1.4,0.3,0,1.5,0.4,0.5,0,0.9,0.6,38.6,82.9,0.8,1.7,0.1
27,Watford,12462,Valon-Behrami,0,0,7,0,0.2,80.1,0.7,0,6.55,2.7,1.2,1.1,0.1,0.8,1.6,0.4,0,0.2,0.2,1.5,0,0.5,0.8,27.1,80.1,0,1,0
27,Watford,32323,Daryl-Janmaat,2,1,2,0,1,73.8,0.8,0,6.55,1.7,0.7,0.6,0.2,1.3,0.7,0.1,0,0.5,0.6,0.1,0.2,0.6,1,22.4,73.8,0.5,1.6,0
27,Watford,64343,Adlène-Guédioura,0,1,2,0,1.1,76,1.5,0,6.53,1.7,0.8,1.7,0,0.7,1.2,0.1,0,0.6,1.1,0.7,0.1,1.3,1.2,29.5,76,0.7,2.3,0
27,Watford,68393,Christian-Kabasele,2,0,1,0,0.4,65.4,1.1,0,6.48,0.9,1.1,0.8,0.1,2.5,0.6,0.1,0,0.2,0.1,0.3,0,0,0.2,14.8,65.4,0.2,1.5,0
27,Watford,116317,Abdoulaye-Doucouré,1,0,4,0,1.1,87,0.7,0,6.48,0.9,1.1,0.6,0,1.1,1.1,0.2,0,0.6,0.7,0.3,0,0.8,0.7,41.7,87,0.1,1.2,0
27,Watford,145940,Isaac-Success,1,1,2,0,0.7,70.2,0.3,0,6.39,0.8,0.4,0.6,0,0.5,0.3,0.1,0,0.3,1.1,1.3,0.1,0.8,1.3,6.9,70.2,0.2,0.2,0
27,Watford,26682,Juan-Camilo-Zuñiga,1,0,1,0,0.3,81,0.5,0,6.38,0.9,0.9,0.2,0.1,1,0.4,0,0,0.2,0.1,1,0,0.4,0.5,17,81,0,0.9,0
27,Watford,31376,Odion-Ighalo,1,1,1,0,2.1,76.7,0.9,1,6.35,0.6,0.2,0.9,0,0.2,0.3,0.1,0,0.6,0.8,0.8,0.5,1.3,2.6,16.4,76.7,0,0.2,0
27,Watford,331089,Andrew-Eleftheriou,0,0,0,0,0,85.7,0,0,6.28,2,2,0,1,0,0,0,0,1,0,0,0,0,1,14,85.7,0,0,0
27,Watford,332411,Brandon-Mason,0,0,0,0,0,82.8,0,0,6.14,0.5,1.5,1.5,0,1.5,0,0,0,0,0.5,1,0,0,0,14.5,82.8,0,0.5,0
27,Watford,132838,Kenedy,0,0,0,0,0,100,0,0,6.12,0,0,1,0,0,0,0,0,0,1,0,0,0,1,7,100,0,0,0
27,Watford,274630,Jerome-Sinclair,0,0,0,0,0.2,79.2,0,0,6.04,0.2,0,0.8,0,0.2,0.4,0,0,0.2,0,0.6,0,0.6,0.2,4.8,79.2,0,0,0
27,Watford,335753,Dion-Pereira,0,0,0,0,0,66.7,0,0,5.99,0,0,0,0,0,0,0,0,0.5,0,0,0,1,0,3,66.7,0.5,0,0
27,Watford,332416,Michael-Folivi,0,0,0,0,0,100,0,0,5.98,0,0,1,0,0,0,0,0,0,0,0,0,0,0,3,100,0,0,0
27,Watford,9795,Ikechi-Anya,0,0,0,0,0,0,0,0,5.97,0,0,0,0,0,0,0,0,0,0,0,0,0,0,3,0,0,0,0
27,Watford,84129,Matej-Vydra,0,0,0,0,0,100,0,0,5.94,0,0,0,0,0,1,0,0,0,0,0,0,0,1,2,100,0,0,0
27,Watford,10254,Ben-Watson,0,0,0,1,0,76,0,0,5.92,0.5,1,0.5,0,0.3,0.5,0,0,0,0.3,0,0,0,0,6.3,76,0,0.5,0
214,Hull,99487,Harry-Maguire,2,2,5,0,1.2,76.2,2.4,3,7.07,1.9,2.2,0.8,0.7,4.9,0.6,0.9,0,0.4,1,1.2,0.1,0.3,0.6,40.8,76.2,0.1,3.5,0
214,Hull,9767,Robert-Snodgrass,7,3,2,0,2,82.9,0.8,3,7.01,1.3,0.5,1.6,0,0.7,2,0.1,0,2.3,1,1.9,0.3,1.7,1.4,35.5,82.9,1.8,1.4,0.1
214,Hull,8484,Curtis-Davies,0,2,4,0,0.4,82.9,2.9,2,6.91,1.5,3.5,0.5,0.2,6.7,0.4,1.3,1,0.1,0.2,0.8,0,0.1,0.3,33,82.9,0,1.3,0
214,Hull,27421,Andrea-Ranocchia,2,2,2,0,0.5,76.9,2.7,1,6.89,1.8,1.4,0.8,0.7,7.1,0.8,0.8,0,0.2,0.1,1.1,0,0.1,0.3,34.4,76.9,0,2.3,0.1
214,Hull,105577,Lazar-Markovic,2,0,4,0,1,76.9,0.6,0,6.80,1.5,1.2,1.4,0,0.7,1.4,0,0,0.7,1.8,1.6,0.2,2.3,1.7,27.8,76.9,0.5,0.7,0
214,Hull,36849,Jake-Livermore,1,1,3,1,1,84.9,1,0,6.72,2.3,1.4,0.8,0,2.1,0.6,0.6,0,0.4,0.8,0.5,0,0.8,1,51.2,84.9,0,4.5,0.1
214,Hull,115726,Andrew-Robertson,1,2,5,0,0.2,76,0.3,0,6.67,1.6,1.7,0.5,0.3,2.3,0.7,0.5,0,0.6,0.8,0.3,0,0.6,0.5,37.3,76,0.6,2.4,0
214,Hull,134459,Sam-Clucas,3,1,9,1,1.1,83.2,1.1,1,6.67,2.4,1.4,0.6,0,1.8,1.4,0.2,0,0.4,0.8,0.7,0,1.1,0.6,41.6,83.2,0.4,2.4,0
214,Hull,18310,Eldin-Jakupovic,0,0,0,0,0,46.4,0.3,2,6.66,0,0,0,0,0.9,0.1,0,0,0,0,0.1,0,0,0.1,28.9,46.4,0,7,0
214,Hull,4905,Michael-Dawson,3,0,4,0,0.5,81.3,2.1,0,6.60,0.7,1.4,0.6,0.3,5.9,0.2,1.5,1,0.2,0.1,0.3,0,0,0.3,29.8,81.3,0,2.3,0
214,Hull,30524,Kamil-Grosicki,0,3,1,0,1.9,72.1,0.1,0,6.59,0.4,0.8,0.8,0,0.6,0.5,0,0,1.5,1.2,0.3,0.4,1.1,1.5,20.5,72.1,1.6,0.1,0.1
214,Hull,34876,Ahmed-El-Mohamady,0,2,3,1,0.3,77,1.8,0,6.58,1.3,1.5,0.7,0.2,2.7,0.6,0.2,1,0.8,0.3,0.4,0,0.6,0.5,41.6,77,0.6,2.1,0
214,Hull,4616,Shaun-Maloney,1,2,0,0,0.3,85.6,0.1,0,6.55,0.9,0,0.3,0,0.2,0.3,0.1,0,0.4,0.7,0.8,0,0.4,0.1,12.3,85.6,0.4,0.2,0
214,Hull,34123,Alfred-N-Diaye,1,0,7,0,0.7,82.4,0.9,0,6.51,2.5,1.3,2.3,0.1,1.1,1.7,0.4,0,0.3,0.5,0.6,0.1,1.3,1.2,37.5,82.4,0.1,1.9,0.1
214,Hull,8194,Tom-Huddlestone,1,0,5,1,0.7,81.7,0.7,0,6.51,1.1,1.6,1.1,0.1,2.2,0.8,0.4,1,0.6,0.2,0.5,0,0.5,0.4,40.1,81.7,0,4.2,0.1
214,Hull,22820,Dieudonne-Mbokani-Bezua,0,1,0,0,1.2,67.4,3.3,0,6.44,0.3,0.1,1.2,0,0.4,0.2,0.2,0,0.7,0.7,1.9,1,1.9,2,14.3,67.4,0.1,0.3,0
214,Hull,243562,Adama-Diomande,2,0,1,0,1,78.5,1.6,0,6.43,1.1,0.3,0.9,0,0.3,1.1,0.1,0,0.6,1,0.7,0.5,2,1.6,14.6,78.5,0,0.3,0
214,Hull,9002,David-Marshall,0,0,0,0,0,42.7,0.1,0,6.41,0,0,0,0,0.6,0.1,0,1,0,0,0.1,0,0,0,25.6,42.7,0,7.1,0
214,Hull,32741,Abel-Hernández,4,3,0,0,1.6,72.2,0.9,1,6.40,0.3,0.1,0.8,0,0.1,0.5,0,0,0.5,0.1,0.5,0.5,0.8,1.7,10.5,72.2,0,0,0
214,Hull,41589,David-Meyler,1,0,2,0,0.4,80.9,0.5,0,6.39,1.4,1,0.5,0,1.2,0.8,0.1,0,0.3,0.2,0.8,0.1,0.7,0.6,25.5,80.9,0.2,1.2,0
214,Hull,121488,Evandro,0,0,1,0,0.3,81.7,0.5,0,6.38,1.5,0.4,1.3,0,0.1,1.1,0,0,1,0.4,1.8,0,0.7,1,25.4,81.7,0.5,0.7,0
214,Hull,111141,Oumar-Niasse,4,1,3,1,1.5,69.8,1.5,0,6.37,0.6,0.1,1,0,0.8,0.5,0,0,0.6,0.6,1.1,0.6,1.9,3.4,13.8,69.8,0.1,0.3,0
214,Hull,303743,Josh-Tymon,0,0,1,0,0,75.6,0.8,0,6.30,1.6,1,0.8,0,3.4,1.2,0.2,0,0.2,0.6,0.4,0,0.6,0.4,27,75.6,0.2,0.6,0
214,Hull,69878,Ryan-Mason,1,0,4,0,1.1,85.7,0.3,0,6.29,0.8,0.9,0.6,0,0.6,0.8,0.3,0,0.5,0.2,1,0,0.7,0.6,23.6,85.7,0.3,1.1,0
214,Hull,94936,Omar-Elabdellaoui,0,0,0,0,0,80.7,0.8,0,6.27,0.8,1.1,0.3,0,3.9,0.8,0.1,0,0.5,0.3,0.4,0,0.3,0.8,27.3,80.7,0.5,0.8,0
214,Hull,69090,Markus-Henriksen,0,0,1,0,0.2,76.4,0.5,0,6.19,0.9,0.3,1,0,0.9,0.3,0.2,0,0.2,0.1,0.8,0.1,0.5,0.3,12.1,76.4,0.1,0.4,0.1
214,Hull,322596,Jarrod-Bowen,0,0,0,0,0.4,78.6,0,0,5.99,0.3,0.1,0.4,0,0,0.1,0,0,0,0.4,1.1,0,0.3,0.1,10,78.6,0,0.3,0
214,Hull,107940,Will-Keane,0,0,0,0,0.8,78.9,0.6,0,5.86,0.2,0,1,0,0.2,0.6,0,0,0.6,0,0.4,0.4,2.2,2.4,15.2,78.9,0,0.2,0
21,Middlesbrough,124316,Calum-Chambers,1,1,4,0,0.3,78,2.6,1,7.05,2,2.1,1,0.6,7.3,0.8,1,0,0.3,0.4,0.4,0,0.5,0.5,43,78,0.2,3.3,0
21,Middlesbrough,140088,Adama-Traoré,0,1,1,0,0.4,69.9,0.6,2,7.03,1.1,0.2,0.7,0,0.2,0.4,0.1,0,0.7,5,1.6,0,1.9,2.1,13.7,69.9,0.6,0.4,0
21,Middlesbrough,34822,George-Friend,0,2,4,0,0.6,77.2,2,0,6.99,2.6,2.3,1.2,0.4,3.3,0.9,0.5,0,0.5,1.5,1,0,0.7,1.1,32.5,77.2,0.2,1.9,0
21,Middlesbrough,14085,Antonio-Barragán,0,0,5,0,0.1,79.9,0.8,1,6.94,2.8,2.3,1,0.3,2.7,0.9,0.5,0,0.3,0.6,0.8,0,0.3,0.8,39.5,79.9,0.7,2.4,0
21,Middlesbrough,23757,Álvaro-Negredo,9,4,5,0,1.9,66.9,4.9,2,6.91,0.5,0.3,1.3,0,1.8,0.5,0.1,0,0.7,0.5,0.9,0.5,0.9,1.9,23.9,66.9,0,1.4,0
21,Middlesbrough,82923,Gastón-Ramírez,2,3,8,1,1.3,75.8,0.6,3,6.84,1.9,0.6,1.5,0,0.5,2.1,0.1,0,1.3,2,1.2,0,1.6,2.3,26,75.8,1,1.2,0.2
21,Middlesbrough,44031,Fabio,0,0,8,0,0.2,71,1.8,0,6.83,2.6,1.5,1.2,0.3,2.8,0.7,0.3,0,0.7,0.8,0.8,0.2,0.6,0.5,29.6,71,0.6,1,0
21,Middlesbrough,67327,Bernardo-Espinosa,0,0,2,0,0.2,85.2,2.5,0,6.83,2,1.5,1.5,0.7,6.2,1.1,0.6,0,0,0,0.6,0.1,0,0,47.8,85.2,0,3.8,0
21,Middlesbrough,86458,Ben-Gibson,1,1,4,0,0.4,84.6,1.6,0,6.82,0.8,1.5,0.5,0.6,6.2,0.2,0.8,0,0.1,0.4,0.4,0,0.2,0.2,44.3,84.6,0,3.9,0
21,Middlesbrough,70140,Adam-Clayton,0,2,10,0,0.3,87.4,0.6,1,6.80,2.3,1.9,1.5,0,1.2,1.7,0.6,0,0.6,0.6,1.2,0,0.7,0.6,42.6,87.4,0.2,3.3,0
21,Middlesbrough,78559,Daniel-Ayala,1,0,3,0,0.7,79.5,2.6,1,6.76,0.8,1.9,1.1,0.9,4.9,0.7,0.4,0,0,0,0.2,0.1,0.1,0,27.1,79.5,0.1,2.7,0
21,Middlesbrough,9484,Víctor-Valdés,0,0,1,0,0,53.2,0.2,2,6.66,0,0.1,0,0,1,0,0,0,0,0,0.1,0,0,0.1,31.7,53.2,0,10.5,0
21,Middlesbrough,85070,Marten-de-Roon,4,0,8,0,0.9,79.2,2,0,6.62,2.2,1.3,2,0,1.9,2.2,0.3,0,0.3,0.2,0.7,0.1,0.6,0.8,40,79.2,0.1,2.2,0
21,Middlesbrough,32224,Nsue,0,0,0,0,0.5,82.7,1.5,0,6.62,0.8,1.5,1,0.3,4.3,0.3,0.3,0,0.5,0.3,1,0,0.8,0.5,39,82.7,0,1.8,0
21,Middlesbrough,82972,Adam-Forshaw,0,1,4,0,0.8,88.3,0.5,0,6.61,1.8,1,1,0,0.6,1.5,0.1,0,0.8,0.6,0.9,0,1,1,39.8,88.3,0.3,2.9,0.1
21,Middlesbrough,24400,Cristhian-Stuani,4,0,4,0,0.9,68,2,1,6.61,1.5,0.4,0.9,0,0.6,1.1,0.1,0,0.3,0.6,1.3,0.2,1.6,1.3,16.7,68,0.2,0.5,0
21,Middlesbrough,5641,Stewart-Downing,1,3,1,0,1,81.3,0.3,0,6.57,0.9,1,0.3,0,1.1,0.3,0,0,1,0.2,0.5,0.2,0.4,0.7,31.4,81.3,1.4,2.7,0
21,Middlesbrough,33403,Rudy-Gestede,1,0,3,0,1,56.9,5,0,6.57,0.4,0.1,0.5,0,0.6,0.2,0.1,0,0.7,0.2,0.8,0.2,0.4,0.9,13.6,56.9,0,0.1,0
21,Middlesbrough,28746,Brad-Guzan,0,0,0,0,0,45.1,0,0,6.47,0,0.1,0.1,0,0.6,0,0,0,0,0,0.1,0,0,0,29.7,45.1,0,11,0
21,Middlesbrough,64343,Adlène-Guédioura,0,0,0,0,1.2,68.8,0.2,0,6.41,1,0.6,0.4,0,0.4,0.2,0,0,0.2,1.4,0.2,0,1.6,1,12.8,68.8,0.2,0.6,0
21,Middlesbrough,12417,Grant-Leadbitter,1,0,1,0,1,80,0.3,0,6.40,1.1,0.8,0.6,0,0.5,1.2,0.1,0,0.7,0.3,0.5,0,0.4,0.3,26.2,80,0.3,2.1,0
21,Middlesbrough,101862,Viktor-Fischer,0,3,0,0,0.9,80.1,0.2,0,6.37,0.2,0,0.1,0,0.1,0.2,0,0,0.5,0.8,0.5,0.2,0.9,0.5,11.2,80.1,0.3,0.5,0
21,Middlesbrough,109670,Patrick-Bamford,1,0,1,0,0.8,68.1,0.5,0,6.28,1.1,0.5,1.1,0,0.4,0.6,0,0,0.1,0.3,1.1,0.1,0.5,1,8.6,68.1,0,0.1,0
21,Middlesbrough,35328,Albert-Adomah,0,0,0,0,2,75,0,0,6.27,2.5,0.5,1.5,0,0,2,0,0,0.5,1,1,0,2,1.5,16,75,1,0.5,0
21,Middlesbrough,33704,Jordan-Rhodes,0,0,0,0,1,61.9,0.7,0,6.24,0.2,0,0.5,0,0.3,0.5,0.3,0,0.3,0.3,0.5,0.3,0,0.2,7,61.9,0,0,0
21,Middlesbrough,7616,David-Nugent,0,0,0,0,0,85.7,0.3,0,6.03,0.3,0,0.5,0,0,0,0,0,0,0.3,0,0,0.5,0.3,3.5,85.7,0,0.3,0
21,Middlesbrough,93309,James-Husband,0,0,0,0,0,60.7,2,0,5.80,0,0,0,0,1,0,0,0,0,0,0,0,1,1,28,60.7,0,0,0
16,Sunderland,14805,Younes-Kaboul,0,0,0,0,0,64.7,4,0,7.16,1,1,0,0,13,1,1,0,0,2,1,0,0,0,17,64.7,0,0,0
16,Sunderland,110189,Jordan-Pickford,0,0,0,0,0,46.2,0.4,3,7.04,0,0.1,0,0,1.2,0,0,0,0.1,0,0.2,0,0,0.1,32.9,46.2,0,11.4,0
16,Sunderland,83456,Papy-Djilobodji,0,0,4,1,0.4,72,3.2,2,7.02,1.4,3,1.3,0.8,9.2,0.8,1.3,0,0.1,0.6,0.9,0.1,0.1,0.4,38.5,72,0.1,4.1,0
16,Sunderland,83455,Bryan-Oviedo,0,0,1,0,0.5,73.3,0.5,0,6.98,3.3,2,1.2,0.5,3.4,0.7,0.3,0,0.7,1.3,1,0,0.6,0.6,31.1,73.3,0.5,1,0
16,Sunderland,78221,Patrick-van-Aanholt,3,1,2,0,1.1,77.6,0.2,0,6.94,1.7,2,0.6,0.1,2.3,0.8,0.3,0,1.4,1.3,0.7,0.3,0.4,1,33.3,77.6,0.7,1.7,0
16,Sunderland,14114,Victor-Anichebe,3,0,2,0,1.7,63.1,4.4,3,6.86,0.5,0.4,1.5,0,1.7,0.4,0.1,0,0.6,0.7,1.8,0.3,1.4,2,20.3,63.1,0.3,0.4,0
16,Sunderland,8236,Billy-Jones,1,0,8,0,0.6,69.1,3.6,0,6.86,2,1.7,0.9,0.1,3.5,1.4,0.6,0,1.1,0.4,0.5,0,0.5,0.9,26,69.1,0.4,1.2,0
16,Sunderland,34214,Lamine-Koné,1,0,4,0,0.6,68.7,2.6,2,6.75,1,1.5,0.5,0.5,6.6,0.2,0.7,0,0.1,0.5,0.3,0.1,0.3,0.4,26.2,68.7,0,1.7,0
16,Sunderland,149599,Didier-Ndong,1,0,5,0,0.5,83.2,0.7,0,6.64,2.6,1.6,1.2,0,1.2,1.4,0.3,0,0.5,0.7,0.9,0.1,1.2,1.6,32.5,83.2,0.2,1.8,0
16,Sunderland,21682,Vito-Mannone,0,0,0,0,0,41,0.1,1,6.63,0,0.1,0,0,0.8,0.1,0,0,0,0.1,0,0,0,0,27.1,41,0,6.1,0
16,Sunderland,33833,Jack-Rodwell,0,1,4,0,1,78.1,1.7,0,6.62,1.9,1,1.2,0.1,2.6,0.6,0.4,0,0.4,0.5,0.6,0.1,0.5,0.2,28.6,78.1,0,1.4,0.1
16,Sunderland,303379,Donald-Love,0,1,1,0,0.2,67.9,0.8,0,6.61,1.7,1.3,0.8,0.1,2,0.7,0.6,0,0.3,0.3,0.3,0,0.2,0.5,17.9,67.9,0.4,1,0.1
16,Sunderland,2837,Jermain-Defoe,15,2,1,0,2.7,79.3,0.1,0,6.58,0.5,0.1,0.6,0,0.1,0.3,0.1,0,0.5,0.7,0.8,1,1.1,1.7,12.3,79.3,0.1,0.2,0
16,Sunderland,141512,Duncan-Watmore,0,2,1,0,1.1,66.7,0.6,0,6.56,0.9,0.6,0.7,0,0.4,0.9,0.1,0,0.8,1.8,1.6,0.3,1.9,2.3,13.7,66.7,0.3,0.4,0.1
16,Sunderland,3841,John-O-Shea,0,1,5,0,0.1,76.2,2.1,0,6.56,1,1.4,0.6,0.3,5.4,0.5,0.6,0,0,0,0.3,0,0.1,0.2,24.5,76.2,0,1.9,0
16,Sunderland,243511,Jason-Denayer,0,0,2,0,0.3,80,1.1,0,6.54,1.5,1.4,0.7,0.2,3.3,0.7,0.8,1,0.1,0.2,0.3,0,0.3,0.5,24.4,80,0,1.7,0
16,Sunderland,80882,Fabio-Borini,2,0,5,0,1.4,74.2,1.1,0,6.53,0.8,1,1.1,0,1.1,0.9,0.1,0,0.6,0.8,1.8,0,1.7,1.1,21,74.2,0.1,1,0
16,Sunderland,130334,Adnan-Januzaj,0,3,3,1,1,70.7,0.5,0,6.52,0.7,0.4,1,0,0.8,0.6,0,0,1.4,2.3,1.5,0.1,2.3,2.8,14.2,70.7,0.6,0.6,0
16,Sunderland,109227,Javier-Manquillo,1,0,2,0,0.2,77.8,0.9,0,6.51,1.6,1.2,0.7,0.3,2.5,0.3,0.3,0,0.2,0.8,0.7,0.3,0.9,1.2,21.2,77.8,0.3,0.5,0
16,Sunderland,278129,George-Honeyman,0,0,1,0,0.4,82.4,0.2,0,6.51,1.8,0.8,0.8,0,0.2,0.4,0,0,0.4,1.2,1.6,0.4,1.6,2,21.6,82.4,0.2,0.4,0
16,Sunderland,14268,Lee-Cattermole,0,0,4,0,0.5,76.2,0.9,0,6.49,1.6,2.5,1.8,0,1.1,2.1,0.8,0,0.3,0.4,1.1,0,0.8,0.4,35.1,76.2,0,5.4,0.1
16,Sunderland,11235,Sebastian-Larsson,0,1,4,1,0.8,80.1,0.7,0,6.46,1.8,0.6,1.4,0,1.5,1,0.4,0,1.1,0.1,0.4,0,0.7,0.5,30.6,80.1,1,2.4,0
16,Sunderland,27512,Jeremain-Lens,0,0,0,0,1.5,70,1,0,6.46,1,1,0.5,0,0,1.5,0.5,0,1,0,1.5,0,0.5,1,10,70,0.5,1,0
16,Sunderland,69609,Jan-Kirchhoff,0,0,1,0,0.4,72.7,1.7,0,6.44,2,1.6,1.1,0,1.7,0.9,0,0,0.1,0.1,0.1,0,0.3,0.1,28.3,72.7,0.1,1,0
16,Sunderland,30395,Darron-Gibson,0,0,4,0,0.5,80.1,0.6,0,6.32,1.1,1.2,1,0,1.5,0.7,0.2,0,0.2,0.3,0,0,0.3,0.2,32.3,80.1,0,2.9,0
16,Sunderland,71381,Wahbi-Khazri,1,0,6,0,1.1,77,0.2,1,6.29,0.5,0.4,1,0,0.1,0.7,0,0,1,0.6,0.8,0.3,1.1,1.2,15.1,77,0.7,1.4,0
16,Sunderland,3553,Steven-Pienaar,0,0,5,1,0.3,79.4,0.3,0,6.27,1.3,1.1,1.1,0,0.6,0.8,0.3,0,0.5,0.4,1.7,0,0.7,1.4,25.6,79.4,0.1,1,0
16,Sunderland,294849,Lynden-Gooch,0,0,3,0,0.3,77,0.1,0,6.22,1.1,0.5,0.8,0,0.2,0.5,0,0,0.4,0.7,0.5,0,1,1.2,9.1,77,0.4,0.4,0
16,Sunderland,244565,Patrick-McNair,0,0,0,0,0.1,75.9,1.2,0,6.19,1,0.3,0.6,0,0.4,0.7,0.2,1,0.3,0.1,0.3,0,0.7,0.7,12.9,75.9,0.2,0.9,0
16,Sunderland,8137,Joleon-Lescott,0,0,0,0,0,85.3,0.5,0,5.96,0,2.5,1,0,6.5,0,1.5,0,0,0,0.5,0,0.5,0,17,85.3,0,1.5,0
16,Sunderland,322652,Joel-Asoro,0,0,0,0,0,0,0,0,5.94,0,0,0,0,0,0,0,0,0,0,0,0,0,1,1,0,0,0,0
